,Unnamed: 0,id,text,Hashtags,date,retweets,likes,follower_count
0,0.0,1373423926668365827,Will Elon Musk's Innovation Engine Keep The Party Going At #Tesla? https://t.co/ICcW9EVkLR by @InsideEVs,"[{'text': 'Tesla', 'indices': [59, 65]}]",2021-03-20 23:59:15,0.0,0.0,
1,1.0,1373423926093746176,"@GinoG01328427 @GerberKawasaki #tesla giga shanghai began making in december 2019, so it sent $tsla high in 2020. t‚Ä¶ https://t.co/49PGFJMUFy","[{'text': 'tesla', 'indices': [31, 37]}]",2021-03-20 23:59:15,0.0,0.0,
2,2.0,1373423920112664579,"RT @Schuldensuehner: Cathie Wood‚Äôs Ark Invest expects #Tesla to hit $3,000 by 2025, up from current price of $655. At that price, company c‚Ä¶","[{'text': 'Tesla', 'indices': [54, 60]}]",2021-03-20 23:59:14,61.0,0.0,
3,3.0,1373423874847735816,"Tesla Secures Order For World's First 8,000-Ton Casting Machine!!!!!!
üòÄ üöó üõ†Ô∏è ‚öôÔ∏è üèóÔ∏è üöô üè≠ ‚ö°Ô∏è üí∞
https://t.co/MZvDxtZF7X‚Ä¶ https://t.co/7F9mIlREpY",[],2021-03-20 23:59:03,0.0,0.0,
4,4.0,1373423593460281347,"RT @Schuldensuehner: Cathie Wood‚Äôs Ark Invest expects #Tesla to hit $3,000 by 2025, up from current price of $655. At that price, company c‚Ä¶","[{'text': 'Tesla', 'indices': [54, 60]}]",2021-03-20 23:57:56,61.0,0.0,
5,5.0,1373423491366674435,"RT @DavidWalley1964: 4 weeks to fix a loose wire but thankfully they cleaned the car before asking me to collect it!!! This @Tesla,  is why‚Ä¶",[],2021-03-20 23:57:31,5.0,0.0,
6,6.0,1373422423354314752,If #TESLA holds the retest of channel we bottom up in a pattern and start a journey to 1300 area fib level. 550 reg‚Ä¶ https://t.co/WgXvwceeX6,"[{'text': 'TESLA', 'indices': [3, 9]}]",2021-03-20 23:53:17,0.0,0.0,
7,7.0,1373422336649666561,"RT @EvaFoxU: Tesla's Dominance Shines in the European EV Market: A Closer Look at Sales Over Time

#Tesla #Europe 
https://t.co/BErQ89n4Dl","[{'text': 'Tesla', 'indices': [99, 105]}, {'text': 'Europe', 'indices': [106, 113]}]",2021-03-20 23:52:56,20.0,0.0,
8,8.0,1373422069027835904,"Elon Musk stressed that 3D Tunnels are an important tool in reducing urban congestion, which is common in big citie‚Ä¶ https://t.co/pRPeWp9ppC",[],2021-03-20 23:51:52,0.0,8.0,
9,9.0,1373421875284557829,"Elon Musk liked a tweet from TesLatino üöÄ a.k.a. Rafael - Lover, not a hater. #Tesla $TSLA https://t.co/32rbjvQvZA","[{'text': 'Tesla', 'indices': [77, 83]}]",2021-03-20 23:51:06,0.0,7.0,
10,10.0,1373421778907901953,"What Things Should A Person Know To Be A VC? | What VCs need more of is the imagination of foresight, not more regu‚Ä¶ https://t.co/IwaARM2OSF",[],2021-03-20 23:50:43,0.0,0.0,
11,11.0,1373421489802907648,Look at this new piece on @opensea! #nft #opensea #FalconAndWinterSoldier #SnyderCut #SnyderCutJusticeLeague‚Ä¶ https://t.co/de1pdgrJS8,"[{'text': 'nft', 'indices': [36, 40]}, {'text': 'opensea', 'indices': [41, 49]}, {'text': 'FalconAndWinterSoldier', 'indices': [50, 73]}, {'text': 'SnyderCut', 'indices': [74, 84]}, {'text': 'SnyderCutJusticeLeague', 'indices': [85, 108]}]",2021-03-20 23:49:34,0.0,3.0,
12,12.0,1373420841543684096,"üëâ Ergonomic Shopping Trolley
üí∞ Buy:https://t.co/Z6IgUmyewO
‚òé Call: +358 50 5061049
‚úÖ https://t.co/CQFJKlQUab‚Ä¶ https://t.co/nPDguvHmf3",[],2021-03-20 23:47:00,0.0,0.0,
13,13.0,1373420757695434753,"#Tesla, #MicroStrategy, #Square &amp; #Meitu have bought 66% of all new BTC mined in the past six months. How can anyon‚Ä¶ https://t.co/r9hmbJQfw0","[{'text': 'Tesla', 'indices': [0, 6]}, {'text': 'MicroStrategy', 'indices': [8, 22]}, {'text': 'Square', 'indices': [24, 31]}, {'text': 'Meitu', 'indices': [38, 44]}]",2021-03-20 23:46:40,0.0,1.0,
14,14.0,1373420619484762117,Just ordered mine!   #apestogetherstrong #GME #AMC #saveAMC #Tesla #ElonMusk #DOGE #XRP #NIO https://t.co/jRvlF8D0jW,"[{'text': 'apestogetherstrong', 'indices': [21, 40]}, {'text': 'GME', 'indices': [41, 45]}, {'text': 'AMC', 'indices': [46, 50]}, {'text': 'saveAMC', 'indices': [51, 59]}, {'text': 'Tesla', 'indices': [60, 66]}, {'text': 'ElonMusk', 'indices': [67, 76]}, {'text': 'DOGE', 'indices': [77, 82]}, {'text': 'XRP', 'indices': [83, 87]}, {'text': 'NIO', 'indices': [88, 92]}]",2021-03-20 23:46:07,0.0,0.0,
15,15.0,1373420089828114433,"22 x 28in Doge Spray painted from hand made stencil

(I Need more paint) Doge address for donations is: DBYVFKnwqBX‚Ä¶ https://t.co/77eliIdO1d",[],2021-03-20 23:44:00,0.0,5.0,
16,16.0,1373420013877559297,"RT @EvaFoxU: Tesla's Dominance Shines in the European EV Market: A Closer Look at Sales Over Time

#Tesla #Europe 
https://t.co/BErQ89n4Dl","[{'text': 'Tesla', 'indices': [99, 105]}, {'text': 'Europe', 'indices': [106, 113]}]",2021-03-20 23:43:42,20.0,0.0,
17,17.0,1373419834139115527,"I have a question @elonmusk . If I make a cryptocurrency, would you invest in it!??? 
@elonmusk @SpaceX @Tesla‚Ä¶ https://t.co/REZxAkFDU1",[],2021-03-20 23:43:00,0.0,0.0,
18,18.0,1373419666555699201,RT @TNR_Gold: #Tesla Energy #rEVolution And The Golden Age For #Copper: Kirill Klip #GEMRoyalty $TNR.v #TNRGold Copper Presentation. https:‚Ä¶,"[{'text': 'Tesla', 'indices': [14, 20]}, {'text': 'rEVolution', 'indices': [28, 39]}, {'text': 'Copper', 'indices': [63, 70]}, {'text': 'GEMRoyalty', 'indices': [84, 95]}, {'text': 'TNRGold', 'indices': [103, 111]}]",2021-03-20 23:42:20,5.0,0.0,
19,19.0,1373419647115145217,"RT @EvaFoxU: .@ElonMusk Talks AI, 3D Tunnels, Autonomous Vehicles &amp; More at China Development Forum 2021 üá®üá≥

#Tesla 
https://t.co/dPfKi0ojsh","[{'text': 'Tesla', 'indices': [113, 119]}]",2021-03-20 23:42:15,26.0,0.0,
20,20.0,1373418602225758211,"RT @Manic_Marge: Hey @elonmusk, we spelled S 3 X Y at the @TeslaClubLA event today! üá∫üá∏üôå ‚ô•Ô∏èü§çüíô

#Tesla #TeslaModelS #Model3 #ModelX #ModelY h‚Ä¶","[{'text': 'Tesla', 'indices': [94, 100]}, {'text': 'TeslaModelS', 'indices': [101, 113]}, {'text': 'Model3', 'indices': [114, 121]}, {'text': 'ModelX', 'indices': [122, 129]}, {'text': 'ModelY', 'indices': [130, 137]}]",2021-03-20 23:38:06,6.0,0.0,
21,21.0,1373418595166879746,RT @lioosta: #Tesla is the best electric ‚ö°Ô∏è vehicle! Thank you @elonmusk https://t.co/2tAyOFwTw4,"[{'text': 'Tesla', 'indices': [13, 19]}]",2021-03-20 23:38:04,1.0,0.0,
22,22.0,1373418572496609284,"RT @EvaFoxU: .@ElonMusk Talks AI, 3D Tunnels, Autonomous Vehicles &amp; More at China Development Forum 2021 üá®üá≥

#Tesla 
https://t.co/dPfKi0ojsh","[{'text': 'Tesla', 'indices': [113, 119]}]",2021-03-20 23:37:59,26.0,0.0,
23,23.0,1373418500707004418,"#CathieWood's ‚Å¶@ARKInvest‚Å© expects #Tesla #stock to reach $3,000 by 2025. $TSLA $ARK https://t.co/FfNebnUqMX","[{'text': 'CathieWood', 'indices': [0, 11]}, {'text': 'Tesla', 'indices': [35, 41]}, {'text': 'stock', 'indices': [42, 48]}]",2021-03-20 23:37:42,0.0,1.0,
24,24.0,1373418398881824770,Elon #Musk denies #Tesla cars are used for spying in #China https://t.co/jXbZ3MoRkw,"[{'text': 'Musk', 'indices': [5, 10]}, {'text': 'Tesla', 'indices': [18, 24]}, {'text': 'China', 'indices': [53, 59]}]",2021-03-20 23:37:17,0.0,0.0,
25,25.0,1373418252399833088,"RT @stevenmarkryan: https://t.co/SsP4u0SPKo - ARK Invest's NEW Tesla Stock Price Target Is INSANE! üöÄ

NEW 

$TSLA #Tesla @ARKInvest @Cathie‚Ä¶","[{'text': 'Tesla', 'indices': [114, 120]}]",2021-03-20 23:36:42,27.0,0.0,
26,26.0,1373418227846373379,RT @mirekbujna: New #Tesla Model S with a yoke steering wheel spotted in Santa Cruz by u/NoiceTwasACat99. Looks super cool! $TSLA https://t‚Ä¶,"[{'text': 'Tesla', 'indices': [20, 26]}]",2021-03-20 23:36:37,91.0,0.0,
27,27.0,1373418124020572160,"RT @EvaFoxU: .@ElonMusk Talks AI, 3D Tunnels, Autonomous Vehicles &amp; More at China Development Forum 2021 üá®üá≥

#Tesla 
https://t.co/dPfKi0ojsh","[{'text': 'Tesla', 'indices': [113, 119]}]",2021-03-20 23:36:12,26.0,0.0,
28,28.0,1373417873092317185,"Cathie Wood‚Äôs Ark Has a New Price Target for Tesla: $3,000 #yahoo #teslapricetarget #investors #benzingacathiewood‚Ä¶ https://t.co/I9lRF1TJfP","[{'text': 'yahoo', 'indices': [59, 65]}, {'text': 'teslapricetarget', 'indices': [66, 83]}, {'text': 'investors', 'indices': [84, 94]}, {'text': 'benzingacathiewood', 'indices': [95, 114]}]",2021-03-20 23:35:12,0.0,0.0,
29,29.0,1373417830830518281,"message to # @ elonmusk and # @ tesla, I need a Tesla so please let me know when it's ready thanks, #ElonMusk‚Ä¶ https://t.co/nMov5JVvYO","[{'text': 'ElonMusk', 'indices': [100, 109]}]",2021-03-20 23:35:02,0.0,1.0,
30,30.0,1373417816125272068,@tobilindh But why store it then? I was thinking that given the prolonged negotiations over #GigaBerlin water suppl‚Ä¶ https://t.co/tnPFnfHxB6,"[{'text': 'GigaBerlin', 'indices': [92, 103]}]",2021-03-20 23:34:58,0.0,0.0,
31,31.0,1373417439975849987,So my father in law got home with his new #Tesla #Model3 and had his NEMA 14-50 outlet already installed. He goes t‚Ä¶ https://t.co/oc7CRLWZgO,"[{'text': 'Tesla', 'indices': [42, 48]}, {'text': 'Model3', 'indices': [49, 56]}]",2021-03-20 23:33:29,1.0,136.0,
32,32.0,1373417347252371456,"RT @dogeclimber: Find someone who looks at you the way @ElonMusk looks at #Doge.

#Dogecoin #DogecoinRise #Tesla https://t.co/UQ10RTfzIt","[{'text': 'Doge', 'indices': [74, 79]}, {'text': 'Dogecoin', 'indices': [82, 91]}, {'text': 'DogecoinRise', 'indices': [92, 105]}, {'text': 'Tesla', 'indices': [106, 112]}]",2021-03-20 23:33:07,11.0,0.0,
33,33.0,1373417117400305671,"RT @dogeclimber: Find someone who looks at you the way @ElonMusk looks at #Doge.

#Dogecoin #DogecoinRise #Tesla https://t.co/UQ10RTfzIt","[{'text': 'Doge', 'indices': [74, 79]}, {'text': 'Dogecoin', 'indices': [82, 91]}, {'text': 'DogecoinRise', 'indices': [92, 105]}, {'text': 'Tesla', 'indices': [106, 112]}]",2021-03-20 23:32:12,11.0,0.0,
34,34.0,1373416824025407491,"Turn it up to 11! 
First up on the roadtrip soundtrack, I‚Äôve got @shakira radio on @Spotify cranked all the way!
Wa‚Ä¶ https://t.co/Aj2D98ES0q",[],2021-03-20 23:31:02,0.0,3.0,
35,35.0,1373416683252162566,"RT @Schuldensuehner: Cathie Wood‚Äôs Ark Invest expects #Tesla to hit $3,000 by 2025, up from current price of $655. At that price, company c‚Ä¶","[{'text': 'Tesla', 'indices': [54, 60]}]",2021-03-20 23:30:28,61.0,0.0,
36,36.0,1373416633222496256,RT @Teslaconomics: All these little fuckboys that were shorting and waiting for lower prices are about to get their heads ripped off next w‚Ä¶,[],2021-03-20 23:30:16,13.0,0.0,
37,37.0,1373416589199032328,"$TSLA winnings on #BTC so farüôå

$997352571 (66.49 %)
(Estimating an average buy price of $35000/BTC with 43,000 BTC‚Ä¶ https://t.co/XzpaqzbK7i","[{'text': 'BTC', 'indices': [18, 22]}]",2021-03-20 23:30:06,0.0,2.0,
38,38.0,1373416512913076235,"RT @POODLETOKEN: @elonmusk @BoredElonMusk Cause thunder always comes after lightningg! KA-CHOW

#tesla #cybertruck #crypto $POODL #hoodlthe‚Ä¶","[{'text': 'tesla', 'indices': [96, 102]}, {'text': 'cybertruck', 'indices': [103, 114]}, {'text': 'crypto', 'indices': [115, 122]}]",2021-03-20 23:29:48,24.0,0.0,
39,39.0,1373416384013742086,"RT @Schuldensuehner: Cathie Wood‚Äôs Ark Invest expects #Tesla to hit $3,000 by 2025, up from current price of $655. At that price, company c‚Ä¶","[{'text': 'Tesla', 'indices': [54, 60]}]",2021-03-20 23:29:17,61.0,0.0,
40,40.0,1373416273648975880,"RT @Schuldensuehner: Cathie Wood‚Äôs Ark Invest expects #Tesla to hit $3,000 by 2025, up from current price of $655. At that price, company c‚Ä¶","[{'text': 'Tesla', 'indices': [54, 60]}]",2021-03-20 23:28:51,61.0,0.0,
41,41.0,1373416208393994243,"#ARKInvest's @CathieDWood is making #MarganStanley's Adam Jonas looking like a #Tesla bear...
#ARK $TSLA $ARKK‚Ä¶ https://t.co/q4ALJ92Ozr","[{'text': 'ARKInvest', 'indices': [0, 10]}, {'text': 'MarganStanley', 'indices': [36, 50]}, {'text': 'Tesla', 'indices': [79, 85]}, {'text': 'ARK', 'indices': [94, 98]}]",2021-03-20 23:28:35,0.0,0.0,
42,42.0,1373416133307604993,"I responded to a couple of tweets. Hoping we will gain some tract actionüôè

#nfts #nftart #nftartist #nftcollector‚Ä¶ https://t.co/I0WO3mazS9","[{'text': 'nfts', 'indices': [75, 80]}, {'text': 'nftart', 'indices': [81, 88]}, {'text': 'nftartist', 'indices': [89, 99]}, {'text': 'nftcollector', 'indices': [100, 113]}]",2021-03-20 23:28:17,0.0,4.0,
43,43.0,1373416107004944390,"RT @dogeclimber: Find someone who looks at you the way @ElonMusk looks at #Doge.

#Dogecoin #DogecoinRise #Tesla https://t.co/UQ10RTfzIt","[{'text': 'Doge', 'indices': [74, 79]}, {'text': 'Dogecoin', 'indices': [82, 91]}, {'text': 'DogecoinRise', 'indices': [92, 105]}, {'text': 'Tesla', 'indices': [106, 112]}]",2021-03-20 23:28:11,11.0,0.0,
44,44.0,1373415976956465156,"RT @hugojpinto: Hey @elonmusk / @Tesla - wouldn't an European launch for the new Roadster in sunny Lisbon, Portugal üáµüáπ, be absolutely marve‚Ä¶",[],2021-03-20 23:27:40,33.0,0.0,
45,45.0,1373415781216759810,"RT @TeslaNY: Another Tesla taxi spotted in NYC! üöïüîãüóΩ https://t.co/e08wwjnviB $TSLA #Tesla #Model3 #EV
üì∑: u/luidorm https://t.co/H0ArqQhyt4","[{'text': 'Tesla', 'indices': [82, 88]}, {'text': 'Model3', 'indices': [89, 96]}, {'text': 'EV', 'indices': [97, 100]}]",2021-03-20 23:26:53,42.0,0.0,
46,46.0,1373415730088054791,"Long #EV and if you've been following along you know I'm long $TSLA and $FUV specifically ‚ö°Ô∏è‚ö°Ô∏è

This week the candl‚Ä¶ https://t.co/pjT3e8wpYK","[{'text': 'EV', 'indices': [5, 8]}]",2021-03-20 23:26:41,0.0,0.0,
47,47.0,1373415345185198080,"Hey @elonmusk , wen update? 

You mentioned back during the Xmas #Tesla update that the second half of the update w‚Ä¶ https://t.co/736XY3oPdt","[{'text': 'Tesla', 'indices': [65, 71]}]",2021-03-20 23:25:09,0.0,0.0,
48,48.0,1373415318807265282,#Tesla Mobile App Lets Owners Melt Snow Off Cars Remotely https://t.co/2NTe1Xt7db by InsideEVs,"[{'text': 'Tesla', 'indices': [0, 6]}]",2021-03-20 23:25:03,0.0,0.0,
49,49.0,1373415108668387330,"RT @Schuldensuehner: Cathie Wood‚Äôs Ark Invest expects #Tesla to hit $3,000 by 2025, up from current price of $655. At that price, company c‚Ä¶","[{'text': 'Tesla', 'indices': [54, 60]}]",2021-03-20 23:24:13,61.0,0.0,
50,50.0,1373415095087333377,"RT @Businesblog5: Cathie Wood‚Äôs Ark Has a New Price Target for Tesla: $3,000 https://t.co/PoFz7xHjX8 #CathieWoods #Tesla #Bitcoin https://t‚Ä¶","[{'text': 'CathieWoods', 'indices': [101, 113]}, {'text': 'Tesla', 'indices': [114, 120]}, {'text': 'Bitcoin', 'indices': [121, 129]}]",2021-03-20 23:24:10,7.0,0.0,
51,51.0,1373415088967802885,"Flaps fully extendedüöÄCredit to @tmahlman on twitter! Check him out on Instagram for more Starship photos!
.
.‚Ä¶ https://t.co/N6X6oR8Tiz",[],2021-03-20 23:24:08,0.0,1.0,
52,52.0,1373415009657749507,@tobilindh Thanks! Both sides of the #Tesla #Gigaberlin air cleaning facility has a total of 10 multi-cubicmeter bu‚Ä¶ https://t.co/u4dOAVAWo8,"[{'text': 'Tesla', 'indices': [37, 43]}, {'text': 'Gigaberlin', 'indices': [44, 55]}]",2021-03-20 23:23:49,0.0,1.0,
53,53.0,1373414816564576259,"RT @POODLETOKEN: @elonmusk @BoredElonMusk Cause thunder always comes after lightningg! KA-CHOW

#tesla #cybertruck #crypto $POODL #hoodlthe‚Ä¶","[{'text': 'tesla', 'indices': [96, 102]}, {'text': 'cybertruck', 'indices': [103, 114]}, {'text': 'crypto', 'indices': [115, 122]}]",2021-03-20 23:23:03,24.0,0.0,
54,54.0,1373414229835923458,"RT @dogeclimber: Find someone who looks at you the way @ElonMusk looks at #Doge.

#Dogecoin #DogecoinRise #Tesla https://t.co/UQ10RTfzIt","[{'text': 'Doge', 'indices': [74, 79]}, {'text': 'Dogecoin', 'indices': [82, 91]}, {'text': 'DogecoinRise', 'indices': [92, 105]}, {'text': 'Tesla', 'indices': [106, 112]}]",2021-03-20 23:20:43,11.0,0.0,
55,55.0,1373414124017831939,"RT @dogeclimber: Find someone who looks at you the way @ElonMusk looks at #Doge.

#Dogecoin #DogecoinRise #Tesla https://t.co/UQ10RTfzIt","[{'text': 'Doge', 'indices': [74, 79]}, {'text': 'Dogecoin', 'indices': [82, 91]}, {'text': 'DogecoinRise', 'indices': [92, 105]}, {'text': 'Tesla', 'indices': [106, 112]}]",2021-03-20 23:20:18,11.0,0.0,
56,56.0,1373414091537084421,"RT @LucWaterlot: How it ended...
#tesla #model3 #tsunami
#Happiness #europe #loveit https://t.co/RX4a4VsbGp","[{'text': 'tesla', 'indices': [33, 39]}, {'text': 'model3', 'indices': [40, 47]}, {'text': 'tsunami', 'indices': [48, 56]}, {'text': 'Happiness', 'indices': [57, 67]}, {'text': 'europe', 'indices': [68, 75]}, {'text': 'loveit', 'indices': [76, 83]}]",2021-03-20 23:20:10,16.0,0.0,
57,57.0,1373413895239565312,"RT @dogeclimber: Find someone who looks at you the way @ElonMusk looks at #Doge.

#Dogecoin #DogecoinRise #Tesla https://t.co/UQ10RTfzIt","[{'text': 'Doge', 'indices': [74, 79]}, {'text': 'Dogecoin', 'indices': [82, 91]}, {'text': 'DogecoinRise', 'indices': [92, 105]}, {'text': 'Tesla', 'indices': [106, 112]}]",2021-03-20 23:19:24,11.0,0.0,
58,58.0,1373413424181444614,"RT @EvaFoxU: .@ElonMusk Talks AI, 3D Tunnels, Autonomous Vehicles &amp; More at China Development Forum 2021 üá®üá≥

#Tesla 
https://t.co/dPfKi0ojsh","[{'text': 'Tesla', 'indices': [113, 119]}]",2021-03-20 23:17:31,26.0,0.0,
59,59.0,1373413320942817283,"RT @dogeclimber: Find someone who looks at you the way @ElonMusk looks at #Doge.

#Dogecoin #DogecoinRise #Tesla https://t.co/UQ10RTfzIt","[{'text': 'Doge', 'indices': [74, 79]}, {'text': 'Dogecoin', 'indices': [82, 91]}, {'text': 'DogecoinRise', 'indices': [92, 105]}, {'text': 'Tesla', 'indices': [106, 112]}]",2021-03-20 23:17:07,11.0,0.0,
60,60.0,1373413232807866370,RT @brandonee916: #fsdbeta lunch with @CodingMark Enjoying some amazing Mexican food and #tesla talk üéâ https://t.co/w3conL6hE8,"[{'text': 'fsdbeta', 'indices': [18, 26]}, {'text': 'tesla', 'indices': [89, 95]}]",2021-03-20 23:16:46,1.0,0.0,
61,61.0,1373413232283578369,"Find someone who looks at you the way @ElonMusk looks at #Doge.

#Dogecoin #DogecoinRise #Tesla https://t.co/UQ10RTfzIt","[{'text': 'Doge', 'indices': [57, 62]}, {'text': 'Dogecoin', 'indices': [65, 74]}, {'text': 'DogecoinRise', 'indices': [75, 88]}, {'text': 'Tesla', 'indices': [89, 95]}]",2021-03-20 23:16:46,11.0,26.0,
62,62.0,1373413185714221057,#fsdbeta lunch with @CodingMark Enjoying some amazing Mexican food and #tesla talk üéâ https://t.co/w3conL6hE8,"[{'text': 'fsdbeta', 'indices': [0, 8]}, {'text': 'tesla', 'indices': [71, 77]}]",2021-03-20 23:16:34,1.0,44.0,
63,63.0,1373413180316086272,RT @RagingBull_187: $OZSC crew at a lodge for the weekend at work discussing future plans I like the transparency of the CEO showing his fa‚Ä¶,[],2021-03-20 23:16:33,6.0,0.0,
64,64.0,1373413173013970944,"Without knowing the entire calculative process, it's difficult to discredit the result that ARK published for Tesla‚Ä¶ https://t.co/4hJgHS8oks",[],2021-03-20 23:16:31,0.0,0.0,
65,65.0,1373412778220916741,"RT @Schuldensuehner: Cathie Wood‚Äôs Ark Invest expects #Tesla to hit $3,000 by 2025, up from current price of $655. At that price, company c‚Ä¶","[{'text': 'Tesla', 'indices': [54, 60]}]",2021-03-20 23:14:57,61.0,0.0,
66,66.0,1373412740224712716,RT @RagingBull_187: $MVIS Microvision CEO Sumit Sharma expects their companies long rang Lidar sensors which has been in development for 2‚Ä¶,[],2021-03-20 23:14:48,1.0,0.0,
67,67.0,1373412618229125120,"RT @hugojpinto: Hey @elonmusk / @Tesla - wouldn't an European launch for the new Roadster in sunny Lisbon, Portugal üáµüáπ, be absolutely marve‚Ä¶",[],2021-03-20 23:14:19,33.0,0.0,
68,68.0,1373411723047276546,"RT @POODLETOKEN: @elonmusk @BoredElonMusk Cause thunder always comes after lightningg! KA-CHOW

#tesla #cybertruck #crypto $POODL #hoodlthe‚Ä¶","[{'text': 'tesla', 'indices': [96, 102]}, {'text': 'cybertruck', 'indices': [103, 114]}, {'text': 'crypto', 'indices': [115, 122]}]",2021-03-20 23:10:46,24.0,0.0,
69,69.0,1373411580130525184,"RT @Schuldensuehner: Cathie Wood‚Äôs Ark Invest expects #Tesla to hit $3,000 by 2025, up from current price of $655. At that price, company c‚Ä¶","[{'text': 'Tesla', 'indices': [54, 60]}]",2021-03-20 23:10:12,61.0,0.0,
70,70.0,1373411359451385856,"RT @Schuldensuehner: Cathie Wood‚Äôs Ark Invest expects #Tesla to hit $3,000 by 2025, up from current price of $655. At that price, company c‚Ä¶","[{'text': 'Tesla', 'indices': [54, 60]}]",2021-03-20 23:09:19,61.0,0.0,
71,71.0,1373410954092875783,"RT @DIEBO37: China to Restrict #Tesla Use by #Military and State Employees Over #Privacy Concerns #China #Security #Technology #ùíüùíæùëíùí∑ùí™7
http‚Ä¶","[{'text': 'Tesla', 'indices': [31, 37]}, {'text': 'Military', 'indices': [45, 54]}, {'text': 'Privacy', 'indices': [80, 88]}, {'text': 'China', 'indices': [98, 104]}, {'text': 'Security', 'indices': [105, 114]}, {'text': 'Technology', 'indices': [115, 126]}, {'text': 'ùíüùíæùëíùí∑ùí™7', 'indices': [127, 134]}]",2021-03-20 23:07:42,16.0,0.0,
72,72.0,1373410879606169600,"RT @POODLETOKEN: @elonmusk @BoredElonMusk Cause thunder always comes after lightningg! KA-CHOW

#tesla #cybertruck #crypto $POODL #hoodlthe‚Ä¶","[{'text': 'tesla', 'indices': [96, 102]}, {'text': 'cybertruck', 'indices': [103, 114]}, {'text': 'crypto', 'indices': [115, 122]}]",2021-03-20 23:07:25,24.0,0.0,
73,73.0,1373410824321167362,"RT @MarcoDaCostaFX: $ARK üá∫üá∏ #CathyWood‚Äôs ‚Å¶@ARKInvest‚Å© has a new price target on $TSLA its now $3,000. #Tesla ‚Å¶@TashaARK‚Å©  https://t.co/MF7A‚Ä¶","[{'text': 'CathyWood', 'indices': [28, 38]}, {'text': 'Tesla', 'indices': [102, 108]}]",2021-03-20 23:07:11,1.0,0.0,
74,74.0,1373410567180972034,"RT @POODLETOKEN: @elonmusk @BoredElonMusk Cause thunder always comes after lightningg! KA-CHOW

#tesla #cybertruck #crypto $POODL #hoodlthe‚Ä¶","[{'text': 'tesla', 'indices': [96, 102]}, {'text': 'cybertruck', 'indices': [103, 114]}, {'text': 'crypto', 'indices': [115, 122]}]",2021-03-20 23:06:10,24.0,0.0,
75,75.0,1373410528199127041,"RT @42how_: #Tesla #ElonMusk to attend the China Development Forum 2021, which will be held from March 20 to 22, along with Oliver Zipse of‚Ä¶","[{'text': 'Tesla', 'indices': [12, 18]}, {'text': 'ElonMusk', 'indices': [19, 28]}]",2021-03-20 23:06:01,4.0,0.0,
76,76.0,1373410069325447168,"$ARK üá∫üá∏ #CathyWood‚Äôs ‚Å¶@ARKInvest‚Å© has a new price target on $TSLA its now $3,000. #Tesla ‚Å¶@TashaARK‚Å©  https://t.co/MF7AX3pCkl","[{'text': 'CathyWood', 'indices': [8, 18]}, {'text': 'Tesla', 'indices': [82, 88]}]",2021-03-20 23:04:11,1.0,0.0,
77,77.0,1373409939834744847,RT @usfjx: #Bitcoin vs #Tesla part II updated for #arkinvest numbers.  So where do you wanna invest?  Ditch #BTC to buy $TSLA or vice versa‚Ä¶,"[{'text': 'Bitcoin', 'indices': [11, 19]}, {'text': 'Tesla', 'indices': [23, 29]}, {'text': 'arkinvest', 'indices': [50, 60]}, {'text': 'BTC', 'indices': [108, 112]}]",2021-03-20 23:03:41,3.0,0.0,
78,78.0,1373409886810251264,RT @RagingBull_187: $OZSC crew at a lodge for the weekend at work discussing future plans I like the transparency of the CEO showing his fa‚Ä¶,[],2021-03-20 23:03:28,6.0,0.0,
79,79.0,1373409863334780934,"RT @HYPEBEAST: Meet the #Tesla disguised Ranger Rover classic. 
Photo: E.C.D. Automotive Design 

Details: https://t.co/mlbgD5gHz9 https://‚Ä¶","[{'text': 'Tesla', 'indices': [24, 30]}]",2021-03-20 23:03:22,69.0,0.0,
80,80.0,1373409772452642817,"RT @Schuldensuehner: Cathie Wood‚Äôs Ark Invest expects #Tesla to hit $3,000 by 2025, up from current price of $655. At that price, company c‚Ä¶","[{'text': 'Tesla', 'indices': [54, 60]}]",2021-03-20 23:03:01,61.0,0.0,
81,81.0,1373409709923831810,$OZSC crew at a lodge for the weekend at work discussing future plans I like the transparency of the CEO showing hi‚Ä¶ https://t.co/zof2bPGuFa,[],2021-03-20 23:02:46,6.0,20.0,
82,82.0,1373409539530235904,RT @DogeCoin_Boom: i smell over $ 50.00 end of 2021 or earlier üòçüìàüöÄüíØü§ùüêï $DOGE #dogecoin #doge #elonmusk #tesla,"[{'text': 'dogecoin', 'indices': [76, 85]}, {'text': 'doge', 'indices': [86, 91]}, {'text': 'elonmusk', 'indices': [92, 101]}, {'text': 'tesla', 'indices': [102, 108]}]",2021-03-20 23:02:05,5.0,0.0,
83,83.0,1373409363306684422,"RT @DIEBO37: China to Restrict #Tesla Use by #Military and State Employees Over #Privacy Concerns #China #Security #Technology #ùíüùíæùëíùí∑ùí™7
http‚Ä¶","[{'text': 'Tesla', 'indices': [31, 37]}, {'text': 'Military', 'indices': [45, 54]}, {'text': 'Privacy', 'indices': [80, 88]}, {'text': 'China', 'indices': [98, 104]}, {'text': 'Security', 'indices': [105, 114]}, {'text': 'Technology', 'indices': [115, 126]}, {'text': 'ùíüùíæùëíùí∑ùí™7', 'indices': [127, 134]}]",2021-03-20 23:01:23,16.0,0.0,
84,84.0,1373409275570180102,#Russian pleads guilty to #Tesla #ransomware plot https://t.co/MsNUlLLNSW,"[{'text': 'Russian', 'indices': [0, 8]}, {'text': 'Tesla', 'indices': [26, 32]}, {'text': 'ransomware', 'indices': [33, 44]}]",2021-03-20 23:01:02,0.0,0.0,
85,85.0,1373409206393536513,"Cathie Wood‚Äôs Ark Invest expects #Tesla to hit $3,000 by 2025, up from current price of $655. At¬†t https://t.co/AHhOkFRvu9","[{'text': 'Tesla', 'indices': [33, 39]}]",2021-03-20 23:00:46,0.0,0.0,
86,86.0,1373409167214587907,#Tesla Korean individual investors hold 13.4 million shares of Tesla according to data submitted by the Korea Securities Depository.,"[{'text': 'Tesla', 'indices': [0, 6]}]",2021-03-20 23:00:36,0.0,0.0,
87,87.0,1373409130359193602,RT @mirekbujna: New #Tesla Model S with a yoke steering wheel spotted in Santa Cruz by u/NoiceTwasACat99. Looks super cool! $TSLA https://t‚Ä¶,"[{'text': 'Tesla', 'indices': [20, 26]}]",2021-03-20 23:00:28,91.0,0.0,
88,88.0,1373409028534112256,"Currently, 1 $DOGE = $0.059704.

At this rate, a #Tesla Model Y costs:
‚Ä¢ Long Range: 820,550 ∆â
‚Ä¢ Performance: 1,021‚Ä¶ https://t.co/x1l0rVzKPj","[{'text': 'Tesla', 'indices': [49, 55]}]",2021-03-20 23:00:03,0.0,1.0,
89,89.0,1373408388399390725,Rivian rolls out charging network https://t.co/yssOYcVrx0 #Tesla #Rivian #Teslasupercharger #EVstartup @torquenewsauto,"[{'text': 'Tesla', 'indices': [58, 64]}, {'text': 'Rivian', 'indices': [65, 72]}, {'text': 'Teslasupercharger', 'indices': [73, 91]}, {'text': 'EVstartup', 'indices': [92, 102]}]",2021-03-20 22:57:31,1.0,1.0,
90,90.0,1373408303640887297,RT @TheTeslaLife: Turn 14 Distribution is the title sponsor of this heavily modified #Tesla #Model3 that will be competing in the Pikes Pea‚Ä¶,"[{'text': 'Tesla', 'indices': [85, 91]}, {'text': 'Model3', 'indices': [92, 99]}]",2021-03-20 22:57:10,4.0,0.0,
91,91.0,1373408164280991746,RT @TheTeslaLife: #Tesla shutting down its #ModelS and #ModelX facility in Tilburg Netherlands https://t.co/7xvZf8zrkB https://t.co/QRpMBGj‚Ä¶,"[{'text': 'Tesla', 'indices': [18, 24]}, {'text': 'ModelS', 'indices': [43, 50]}, {'text': 'ModelX', 'indices': [55, 62]}]",2021-03-20 22:56:37,4.0,0.0,
92,92.0,1373408146929152002,"Cathie Wood‚Äôs Ark Invest expects #Tesla to hit $3,000 by 2025, up from current price of $655. At that price, compan‚Ä¶ https://t.co/iFyWGEN9jC","[{'text': 'Tesla', 'indices': [33, 39]}]",2021-03-20 22:56:33,61.0,288.0,
93,93.0,1373408064523665416,"RT @OneYearWorld: Your Spring Getaway! 2 Hours from L.A.
 
Lake view house for California escapes, outdoor fun &amp; #RemoteWork

Sequoias, Ker‚Ä¶","[{'text': 'RemoteWork', 'indices': [117, 128]}]",2021-03-20 22:56:13,2.0,0.0,
94,94.0,1373407914237571072,#China Bans #Tesla Use At Military Sites Over National Security Concerns  https://t.co/HRGVnWFc9W,"[{'text': 'China', 'indices': [0, 6]}, {'text': 'Tesla', 'indices': [12, 18]}]",2021-03-20 22:55:38,3.0,6.0,
95,95.0,1373407895950331914,RT @tt36crew: #DataScience #digitalart #MariaCallas #TT36CloudDance kick #IT d #investment in #investing #Stock fr #ElonMusk some #Tesla I‚Ä¶,"[{'text': 'DataScience', 'indices': [14, 26]}, {'text': 'digitalart', 'indices': [27, 38]}, {'text': 'MariaCallas', 'indices': [39, 51]}, {'text': 'TT36CloudDance', 'indices': [52, 67]}, {'text': 'IT', 'indices': [73, 76]}, {'text': 'investment', 'indices': [79, 90]}, {'text': 'investing', 'indices': [94, 104]}, {'text': 'Stock', 'indices': [105, 111]}, {'text': 'ElonMusk', 'indices': [115, 124]}, {'text': 'Tesla', 'indices': [130, 136]}]",2021-03-20 22:55:33,2.0,0.0,
96,96.0,1373407891831599108,RT @Prageek1: @realMeetKevin well I really enjoyed it until Ross mentioned #Tesla is a spaceship üöÄ compared to #electric #Ford @FordMustang‚Ä¶,"[{'text': 'Tesla', 'indices': [75, 81]}, {'text': 'electric', 'indices': [111, 120]}, {'text': 'Ford', 'indices': [121, 126]}]",2021-03-20 22:55:32,1.0,0.0,
97,97.0,1373407744737284098,"RT @POODLETOKEN: @elonmusk @BoredElonMusk Cause thunder always comes after lightningg! KA-CHOW

#tesla #cybertruck #crypto $POODL #hoodlthe‚Ä¶","[{'text': 'tesla', 'indices': [96, 102]}, {'text': 'cybertruck', 'indices': [103, 114]}, {'text': 'crypto', 'indices': [115, 122]}]",2021-03-20 22:54:57,24.0,0.0,
98,98.0,1373407460812320769,@elonmusk Would be pretty neat if I could purchase a @Tesla with Dogecoin. #doge #dogecoin #tesla,"[{'text': 'doge', 'indices': [75, 80]}, {'text': 'dogecoin', 'indices': [81, 90]}, {'text': 'tesla', 'indices': [91, 97]}]",2021-03-20 22:53:49,0.0,1.0,
99,99.0,1373407217521733632,RT @ropo724: Thanks to #autopilot Scarlett kept me safe!! #fsd #tesla https://t.co/R0WfjixoQ6,"[{'text': 'autopilot', 'indices': [23, 33]}, {'text': 'fsd', 'indices': [58, 62]}, {'text': 'tesla', 'indices': [63, 69]}]",2021-03-20 22:52:51,2.0,0.0,
