tweet,follower_count,neg,neu,pos,compound,time
Learn about the query completion patent that helps Google predict the best autocomplete answers for user search query,178,0.0,0.702,0.298,0.7783,2021-09-25 12:05:47
Google Former Ethics Chief Has Plan Rethink Big Tech #ai #artificialintelligence #mac,311,0.0,1.0,0.0,0.0,2021-09-25 12:04:59
Architecting with Google Kubernetes Engine Foundations #Architecting #Google #Kubernetes #Engine #Foundations Google,95,0.0,1.0,0.0,0.0,2021-09-25 12:04:44
#Innovation #design Designers from #Google #Microsoft #Nike #Pentagram and more weigh the most pressi,5007,0.0,1.0,0.0,0.0,2021-09-25 12:04:30
Google knows what you type watch and say unless you take these steps #Kimscolumn,15,0.0,1.0,0.0,0.0,2021-09-25 12:03:33
The Design Marketing Globe amp Mail out Read about the latest trends web branding amp marketing,685,0.0,1.0,0.0,0.0,2021-09-25 12:03:25
Getting #Google #Calendar onto #PalmOS device The project not bad because also opens ways,712,0.0,0.82,0.18,0.431,2021-09-25 12:01:33
Belgian Waffle Recipe How Make Waffles Ingredients Cups Flour Tablespoon Baking Powder Teaspoon Salt,401,0.0,0.915,0.085,0.0516,2021-09-25 12:01:31
not fall into the trap #fake customer care numbers found #Google #search Only visit official Websites,723,0.118,0.718,0.164,0.2263,2021-09-25 12:01:07
What the average budget for SEO clients and how SEO agencies allocate time tasks surveyed SEO profess,10860,0.0,1.0,0.0,0.0,2021-09-25 12:00:38
Should you care about Google Ads Only you want grow your dental practice This short video explains why #Den,422,0.0,0.791,0.209,0.5423,2021-09-25 12:00:29
Check out Gig #Fiverr #google #scraping for search results #business #profiles provide #bulk,1760,0.0,1.0,0.0,0.0,2021-09-25 12:00:02
What the average budget for SEO clients and how SEO agencies allocate time tasks surveyed SEO,60,0.0,1.0,0.0,0.0,2021-09-25 12:00:00
founder amp CEO the detrimental impact #Google policies #OTT platforms #Laga,4503,0.0,1.0,0.0,0.0,2021-09-25 11:57:14
Google Former Ethics Chief Has Plan Rethink Big Tech #ai #artificialintelligence #mac,3112,0.0,1.0,0.0,0.0,2021-09-25 11:55:28
Google Former Ethics Chief Has Plan Rethink Big Tech #ai,60399,0.0,1.0,0.0,0.0,2021-09-25 11:55:03
#blockchain #cryptocurrencies #BSCGem #BullishAF #ElonMusk #Google,3,0.0,1.0,0.0,0.0,2021-09-25 11:54:11
include quic clouds Global CDN with dynamic caching make your site fast wherever your users are Find out,14732,0.0,0.867,0.133,0.3818,2021-09-25 11:52:44
Thin content Thin #content sparse content that gives value the reader you have little text the,5477,0.0,0.862,0.138,0.34,2021-09-25 11:52:30
Does your business need boost Check out our #GoogleAds #training courses #Google #training,1794,0.0,0.816,0.184,0.4019,2021-09-25 11:50:35
#MLB and #CFB #fall here almost chilly this morning #Braves over #Philly #MagicNumber #Padres and,35,0.0,1.0,0.0,0.0,2021-09-25 11:48:27
Pro Refrigeration LLC #Google,37,0.0,1.0,0.0,0.0,2021-09-25 11:47:40
Dear Trainers DogemonGo the only Free Crypto Game now available #Apple App amp #Google Play Store,1,0.0,0.61,0.39,0.8074,2021-09-25 11:44:53
#Parami Bounty Quiz Who will NOT benefit from using Parami Protocol #Advertisers #Creators and #influencers,0,0.15,0.85,0.0,-0.357,2021-09-25 11:44:01
important part the Search Quality Raters Guidelines Learn more about and its importance SEO here via,65,0.0,0.765,0.235,0.5106,2021-09-25 11:43:29
How Google Assistant Works Retweet share information #Google #googleassistant #webdevelopment #programmer #webdesig,20,0.0,0.833,0.167,0.296,2021-09-25 11:42:55
Netflix Big Data Success Case GOOGLE NETFLIX AMAZON TESLA SOCIAL NETWORK IOT Jose Antonio Ribeiro Neto,625,0.0,0.695,0.305,0.7297,2021-09-25 11:42:49
your Gboard really needs Torres Strait Islander and Indigenous Australian Aboriginal flag Emojis,62,0.0,1.0,0.0,0.0,2021-09-25 11:42:01
Check out this new digital art that uploaded #RedCarpet #Woman #Su,1321,0.0,1.0,0.0,0.0,2021-09-25 11:41:41
Sneha Dubey has reached searches #Google Analysis the same using #DFRAC #SnehaDubey #UnitedNa,33,0.0,0.896,0.104,0.1027,2021-09-25 11:40:31
important part the Search Quality Raters Guidelines Learn more about and its importance SEO here via,534,0.0,0.765,0.235,0.5106,2021-09-25 11:39:39
will migrate from next days Thx for the past but the future,178,0.0,0.863,0.137,0.1901,2021-09-25 11:39:20
#Parami Bounty Quiz Who will NOT benefit from using Parami Protocol #Advertisers #Creators and #influencers,69,0.15,0.85,0.0,-0.357,2021-09-25 11:36:53
FBI NSA and CIA use blockers due fear targeted ads #InfoSec #CyberSecurity #Google #Facebook #Bing,3893,0.186,0.814,0.0,-0.4939,2021-09-25 11:36:26
One interests totally free followers #Google,125,0.0,0.417,0.583,0.6801,2021-09-25 11:36:04
What bad about securities People make tons money securities What the str,5,0.207,0.533,0.26,-0.0258,2021-09-25 11:36:01
#Verily rumored leaving #Alphabet detaching from parent company #Google aims focus more futur,9775,0.0,1.0,0.0,0.0,2021-09-25 11:36:00
#Parami Bounty Quiz Who will NOT benefit from using Parami Protocol #Advertisers #Creators and #influencers,3,0.15,0.85,0.0,-0.357,2021-09-25 11:35:17
any new news #Google banned #China since,100,0.333,0.667,0.0,-0.4588,2021-09-25 11:32:23
Why much excitement about #Google publishing #AndroidTV #remote feature Nobody knows about this app,220,0.0,0.802,0.198,0.4939,2021-09-25 11:31:55
Google Summer Internships Now Open BOLD Program #internships #google,145,0.0,0.706,0.294,0.516,2021-09-25 11:30:54
#Google Webmaster #Videos multiple links from one page another page count #SEO #PageRank,355,0.0,1.0,0.0,0.0,2021-09-25 11:30:51
Lol this awful #google #ChristopherReeve,123,0.341,0.341,0.318,-0.0516,2021-09-25 11:30:36
Our reviews #Google #Trustpilot and #Facebook speak for themselves Caitr ona and Fiachra are husband and,8,0.0,1.0,0.0,0.0,2021-09-25 11:30:35
Want quick status update #Google plans eliminate #kernel fragmentation #Android with its Generic Kernel Imag,2280,0.0,0.915,0.085,0.0772,2021-09-25 11:30:20
Want learn about Progressive Web Apps Find practical advice from Google Developers best pra,136367,0.0,0.686,0.314,0.6705,2021-09-25 11:30:13
founder amp CEO the detrimental impact #Google policies #OTT platforms,510,0.0,1.0,0.0,0.0,2021-09-25 11:30:06
Sneha Dubey has reached searches #Google Analysis the same using #DFRAC #SnehaDubey,1191,0.0,0.887,0.113,0.1027,2021-09-25 11:30:00
Setting goals the first step getting what you want from your business They give your work sense purpose,2504,0.0,0.929,0.071,0.0772,2021-09-25 11:30:00
JOB ALERT are hiring Application Developer Apply Now #compaira,29,0.0,0.732,0.268,0.4466,2021-09-25 11:30:00
#Google Warns New Way Hackers Can Make Malware Undetectable #Microsoft #Windows #cybersecurity,36382,0.113,0.887,0.0,-0.1027,2021-09-25 11:26:52
Google negotiating deals with Instagram and TikTok index their content search results according new report,99,0.0,1.0,0.0,0.0,2021-09-25 11:26:01
Join Ron Condom for deep dive into your hearts minds and desires His capable hands demonstrating integwation between,8218,0.0,0.769,0.231,0.5859,2021-09-25 11:25:04
Android Browsing the web will even safer #News #Google #Android,703,0.0,0.763,0.237,0.4215,2021-09-25 11:24:32
Search engines like Google and Bing can your best tool prevent being scammed online Know how use search engines,435,0.0,0.672,0.328,0.7783,2021-09-25 11:23:43
important part the Search Quality Raters Guidelines Learn more about and its importance SEO here via,624,0.0,0.765,0.235,0.5106,2021-09-25 11:22:06
Artisan Gallery #Google,2131,0.0,1.0,0.0,0.0,2021-09-25 11:21:41
Hickory Crawdads Baseball Cap Plaque #baseball #HickoryCrawdads #collectibles #sports #homedecor #BookResquePlus #Etsy,4056,0.0,1.0,0.0,0.0,2021-09-25 11:21:17
How Make Someone Love You Forever Minutes Less #selfhelp #books #bookstores #relationships #usedbo,4056,0.0,0.741,0.259,0.6369,2021-09-25 11:21:14
#Citations are very important part the #searchengineranking algorithms The more citations your,306,0.0,0.84,0.16,0.2716,2021-09-25 11:21:00
Here the new old Google Assistant design the Pixels #News #Google #GoogleAssistant,703,0.0,1.0,0.0,0.0,2021-09-25 11:20:01
#Google Chrome Tricks You Might Not Know Here are awesome google chrome tricks which will amaze you knowing,629,0.122,0.569,0.309,0.765,2021-09-25 11:19:49
#Parami Bounty Quiz Who will NOT benefit from using Parami Protocol #Advertisers #Creators and #influencers,10,0.15,0.85,0.0,-0.357,2021-09-25 11:19:09
Welldone #Pharma Mankind Stop being #Google #doctor,113,0.268,0.732,0.0,-0.296,2021-09-25 11:18:17
September buy #oneplus #device #smoothos #oneplus tpro #neversettle,121,0.0,1.0,0.0,0.0,2021-09-25 11:16:06
Hey lots people argues with saying why did you use #Google Map Fact the best navigation map,1412,0.119,0.688,0.193,0.3818,2021-09-25 11:15:15
you lost beginning #bigtech #company that have revolutionized the world #Microsoft #Apple #Amazon,384,0.161,0.839,0.0,-0.3182,2021-09-25 11:14:25
Not going lie absolutely ADORE the #Google #AFLGF with the African Australian girl amp her adoring dad amp,1481,0.0,0.66,0.34,0.8491,2021-09-25 11:14:03
#Chat voice and video calling #app ToTok seemingly being exploited the #UAE #spy users The app offers cos,437,0.15,0.85,0.0,-0.4588,2021-09-25 11:13:22
#Parami Bounty Quiz Who will NOT benefit from using Parami Protocol #Advertisers #Creators and #influencers,83,0.15,0.85,0.0,-0.357,2021-09-25 11:12:25
Logic Wiz Killer Jigsaw Sudoku Jigsaw irregular amp Killer Sudoku Coming Logic Wiz Sudoku the next release Jigsaw,41,0.35,0.65,0.0,-0.8625,2021-09-25 11:12:15
Logic Wiz Killer Jigsaw Sudoku Jigsaw irregular amp Killer Sudoku Coming Logic Wiz Sudoku the next release,6,0.364,0.636,0.0,-0.8625,2021-09-25 11:11:59
Thin content Thin #content sparse content that gives value the reader you have little text the,988,0.0,0.862,0.138,0.34,2021-09-25 11:11:54
Urgent Chrome Update Released Patch Actively Exploited Zero Day Vulnerability #chrome #google #browserstack #browsers,2252,0.258,0.526,0.216,-0.2023,2021-09-25 11:11:29
Urgent Chrome Update Released Patch Actively Exploited Zero Day Vulnerability #chrome #google #browserstack,161,0.272,0.5,0.228,-0.2023,2021-09-25 11:10:52
Urgent Chrome Update Released Patch Actively Exploited Zero Day Vulnerability #chrome,183,0.306,0.438,0.256,-0.2023,2021-09-25 11:10:46
#Google #Cloud #GCP #KMS #encryption How your data encrypted Google cloud and encryption keys protected,27,0.0,0.828,0.172,0.4404,2021-09-25 11:09:23
interGraphics Architectural Visualization #Google danimations dmodelling dvisualiz,5384,0.0,1.0,0.0,0.0,2021-09-25 11:08:32
#Google #AIChips What makes them important #ArtificialIntelligence #DigitalMarketing #CyberSecu,1212,0.0,0.816,0.184,0.2023,2021-09-25 11:08:12
important part the Search Quality Raters Guidelines Learn more about and its importance SEO here via,2032,0.0,0.765,0.235,0.5106,2021-09-25 11:07:22
#TechNews Google introducing new search filter Gmail for Android READ #Google #Gmail #Android,7593,0.0,1.0,0.0,0.0,2021-09-25 11:06:38
Supporting News Ireland via #digitalmarketing #Google #SEO,763,0.0,0.674,0.326,0.4404,2021-09-25 11:06:01
Buen Camino Your pilgrimage starts here via #digitalmarketing,763,0.0,1.0,0.0,0.0,2021-09-25 11:05:59
Top Major SEO Ranking Factors You Need Know #seo #seotips #seoranking #digitalmarketi,3868,0.0,0.859,0.141,0.2023,2021-09-25 11:05:20
prepaid card Couldn use #Google,678,0.0,1.0,0.0,0.0,2021-09-25 11:04:51
With free Business Profile Google small businesses around the country are connecting with customers across #Google Search,2752,0.0,0.829,0.171,0.5106,2021-09-25 11:01:56
Supporting News Ireland via #digitalmarketing #Google #SEO,377,0.0,0.674,0.326,0.4404,2021-09-25 11:01:23
How use #Google widgets for work #iPad via,1260,0.0,1.0,0.0,0.0,2021-09-25 11:01:23
Buen Camino Your pilgrimage starts here via #digitalmarketing,377,0.0,1.0,0.0,0.0,2021-09-25 11:01:22
Join Ron Condom for deep dive into your hearts minds and desires His capable hands demonstrating integwation bet,30,0.0,0.769,0.231,0.5859,2021-09-25 11:00:48
Google Ads increasing transparency providing users more background verified advertisers Here what you need,146,0.0,1.0,0.0,0.0,2021-09-25 11:00:23
interGraphics Architectural Visualization #Google danimations dmodelling,80,0.0,1.0,0.0,0.0,2021-09-25 11:00:22
Users last June alleged lawsuit that unlawfully tracked their internet use when they were browsing Inc,7567,0.112,0.888,0.0,-0.2263,2021-09-25 11:00:18
Why much excitement about #Google publishing #AndroidTV #remote feature Nobody knows about this app,1235,0.0,0.802,0.198,0.4939,2021-09-25 10:59:23
Guys #followme will #followback #actress #EmmyAward #GeorgeParkTaylor #GoldenGlobeAward #Google #Illinois,709,0.0,1.0,0.0,0.0,2021-09-25 10:53:53
Some information people Interne,24,0.0,1.0,0.0,0.0,2021-09-25 10:53:28
Google negotiating deals with Instagram and TikTok index their content search results according new report,3469,0.0,1.0,0.0,0.0,2021-09-25 10:52:28
and programme called Shared Troubles from Listen,583,0.288,0.481,0.231,-0.1531,2021-09-25 10:52:05
done #google #coursera #uxdesign #ux,72,0.0,1.0,0.0,0.0,2021-09-25 10:51:04
Google CEO Sundar Pichai was warned year that describing Incognito mode private was problematic yet,409,0.278,0.722,0.0,-0.6124,2021-09-25 10:50:03
Google negotiating deals with Instagram and TikTok index their content search results according new report,736,0.0,1.0,0.0,0.0,2021-09-25 10:49:57
Google Dark Mode theme which has been introduced for its desktop web Comment below,80,0.0,1.0,0.0,0.0,2021-09-25 10:48:54
#Google Chrome Tricks You Might Not Know Here are awesome features google chrome tricks which will amaze,629,0.127,0.551,0.322,0.765,2021-09-25 10:48:33
Explore connections crime data using the POLE model Person Object Location and Event #AI #javascript #Dat,575,0.189,0.811,0.0,-0.5423,2021-09-25 10:48:33
Explore connections crime data using the POLE model Person Object Location and Event #AI #javascript #Dat,2066,0.189,0.811,0.0,-0.5423,2021-09-25 10:48:04
Explore connections crime data using the POLE model Person Object Location and Event #AI #javascript #Dat,881,0.189,0.811,0.0,-0.5423,2021-09-25 10:47:59
#Parami Bounty Quiz Who will NOT benefit from using Parami Protocol #Advertisers #Creators and #influencers,93,0.15,0.85,0.0,-0.357,2021-09-25 10:45:41
Top Major SEO Ranking Factors You Need Know #seo #seotips #seoranking #digitalmarketi,116,0.0,0.859,0.141,0.2023,2021-09-25 10:45:13
Thin content Thin #content sparse content that gives value the reader you have little text,3409,0.0,0.854,0.146,0.34,2021-09-25 10:40:29
year later the project has new breath #dinosaur #Google #WOZ,1,0.0,1.0,0.0,0.0,2021-09-25 10:39:54
The Pixel and Pixel Pro have different front facing cameras new camera features emerge,315,0.0,1.0,0.0,0.0,2021-09-25 10:37:59
First signs Google Pixel appear the Google Camera app #Google #Pixel #Pixel #Android #smartphone,315,0.0,1.0,0.0,0.0,2021-09-25 10:37:27
Let #coral #google #python,2066,0.0,1.0,0.0,0.0,2021-09-25 10:36:03
Let #coral #google #python,313,0.0,1.0,0.0,0.0,2021-09-25 10:35:58
Things China banned #Google #YouTube #Facebook #Wikipedia #Reddit #Netflix #Twitter #Bitcoin,0,0.231,0.769,0.0,-0.4588,2021-09-25 10:35:30
Check out most recent article Medium where detailed all the tips and tricks that used land offer,146,0.086,0.914,0.0,-0.128,2021-09-25 10:33:55
Amarmirgh Education Services #Google,11,0.0,1.0,0.0,0.0,2021-09-25 10:33:35
How niche blogging amp SEO mistakes made successful blogger via #seo,781,0.163,0.588,0.248,0.3182,2021-09-25 10:32:39
Google Algorithm Updates History from Search Engine Result Page and Search Engine Optimization #Algori,575,0.0,0.833,0.167,0.3818,2021-09-25 10:32:33
Google Algorithm Updates History from Search Engine Result Page and Search Engine Optimization #Algori,388,0.0,0.833,0.167,0.3818,2021-09-25 10:32:08
#Parami Bounty Quiz Who will NOT benefit from using Parami Protocol #Advertisers #Creators and #influencers,1,0.15,0.85,0.0,-0.357,2021-09-25 10:31:55
FALLING LOVE REGRET STILL BETTER #SuryantoElvin #Youtube #Twitter #Google,20,0.302,0.257,0.441,0.5719,2021-09-25 10:31:19
FALLING LOVE REGRET STILL BETTER #SuryantoElvin #Youtube #Twitter #Google,20,0.302,0.257,0.441,0.5719,2021-09-25 10:30:31
Google Messages May Soon Get This iMessage Feature #google #googlemessages #imessage #imessagefeature,2,0.0,1.0,0.0,0.0,2021-09-25 10:30:03
Harcourts Port Alfred #Google,280,0.0,1.0,0.0,0.0,2021-09-25 10:29:40
The FTC estimated #Facebook #Google Amazon Apple and Microsoft acquired companies for more than each This,6909,0.0,0.898,0.102,0.1779,2021-09-25 10:29:30
Interesting observation the effect the #crypto ban China waning other words that old chestnut,627,0.197,0.656,0.148,-0.2263,2021-09-25 10:28:36
Architecting with Google Kubernetes Engine Foundations #Architecting #Google #Kubernetes #Engine #Foundations Goog,976,0.0,1.0,0.0,0.0,2021-09-25 10:28:01
use Google #Google,0,0.0,1.0,0.0,0.0,2021-09-25 10:27:18
Google ads advertiser pages #Google #Ads #digitalmarketing,10860,0.0,1.0,0.0,0.0,2021-09-25 10:27:08
Top Major SEO Ranking Factors You Need Know #seo #seotips #seoranking,397,0.0,0.847,0.153,0.2023,2021-09-25 10:27:01
Tired sharing meeting links and asking everyone join Don worry #Google got you covered Google calendar now,73,0.244,0.546,0.21,-0.2023,2021-09-25 10:26:04
have amazing member discounts our business platform here From #SocialMedia trainin,3559,0.0,0.725,0.275,0.5859,2021-09-25 10:25:02
Google ads advertiser pages #Google #Ads #digitalmarketing,90,0.0,1.0,0.0,0.0,2021-09-25 10:24:38
really possible live without Google Coming days compare #Google amp #duckduckgo search results amp next,197,0.0,1.0,0.0,0.0,2021-09-25 10:23:14
important part the Search Quality Raters Guidelines Learn more about and its importance SEO here via,1151,0.0,0.765,0.235,0.5106,2021-09-25 10:21:47
COMPETITION How much competition already exist Don think can compete because can Wouldn you fool,17,0.172,0.828,0.0,-0.4404,2021-09-25 10:21:09
Best smart tool which can easily restore amp recover deleted messages and other media Images Audio Videos files that the sen,724,0.0,0.596,0.404,0.8885,2021-09-25 10:20:13
Check out #Gig #Fiverr will #PDF #submission #seo #backlinks top #document #sharing #sites #for,3452,0.0,0.878,0.122,0.2023,2021-09-25 10:20:09
Check out #Gig #Fiverr will #manual #PDF #submission #seo #backlinks top #document #sharing,3452,0.0,0.87,0.13,0.2023,2021-09-25 10:19:45
are Certified GOOGLE DIGITAL GARAGE #Google #Marketing #digitalmarketing #DigitalGarage #brandbuzzar,3094,0.0,1.0,0.0,0.0,2021-09-25 10:17:19
Hearing will see #Google team lawyers try unpick the Commission findings that its contracts with,1955,0.0,1.0,0.0,0.0,2021-09-25 10:17:11
are Certified GOOGLE DIGITAL GARAGE #Google #Marketing #digitalmarketing #DigitalGarage #brandbuzzar,3784,0.0,1.0,0.0,0.0,2021-09-25 10:17:07
Best smart tool which can easily restore amp recover deleted messages and other media Images Audio Videos files that the sen,378,0.0,0.596,0.404,0.8885,2021-09-25 10:16:28
September buy #oneplus #device #smoothos #oneplus tpro #neversettle,121,0.0,1.0,0.0,0.0,2021-09-25 10:16:23
Auto align Car Charger you hate the moment when you bought wireless car charger for smart use but didn get,21,0.106,0.811,0.083,-0.128,2021-09-25 10:16:03
are Certified GOOGLE DIGITAL GARAGE #Google #Marketing #digitalmarketing #DigitalGarage #brandbuzzar,95,0.0,1.0,0.0,0.0,2021-09-25 10:15:14
Best smart tool which can easily restore amp recover deleted messages and other media Images Audio Videos files that,1621,0.0,0.566,0.434,0.8885,2021-09-25 10:15:08
How prepare for Google Professional Cloud DevOps Engineer #google #DevOps #devopsengineer,92,0.0,1.0,0.0,0.0,2021-09-25 10:14:46
Best smart tool which can easily restore amp recover deleted messages and other media Images Audio Videos files,723,0.0,0.549,0.451,0.8885,2021-09-25 10:14:43
Best smart tool which can easily restore amp recover deleted messages and other media Images Audio Videos files,1335,0.0,0.549,0.451,0.8885,2021-09-25 10:14:28
Learn about the query completion patent that helps Google predict the best autocomplete answers for user search query,180,0.0,0.702,0.298,0.7783,2021-09-25 10:14:17
you lost beginning #bigtech #company that have revolutionized the world #Microsoft #Apple #Amazon,194,0.161,0.839,0.0,-0.3182,2021-09-25 10:13:36
Guys #followme will #followback #RT #retweet #AcademyAward #actress #Bing #Colombia #Google #MexicanAcademy,855,0.0,1.0,0.0,0.0,2021-09-25 10:12:34
Started small and now are listed amongst the biggest companies the world Here are some the companies that start,20,0.0,1.0,0.0,0.0,2021-09-25 10:12:33
How prepare for Google Professional Cloud DevOps Engineer #google #DevOps #devopsengineer,138,0.0,1.0,0.0,0.0,2021-09-25 10:12:30
Advanced Film Solutions #Google,4415,0.0,0.351,0.649,0.4019,2021-09-25 10:12:24
Supporting News Ireland via #digitalmarketing #Google #SEO,7632,0.0,0.674,0.326,0.4404,2021-09-25 10:11:33
Dream big dream Google #google #bugbounty #infosec #cybersecurity #thecybercouncil,36740,0.0,0.636,0.364,0.4588,2021-09-25 10:11:18
Dream big dream Google #google #bugbounty #infosec #cybersecurity #thecybercouncil,19673,0.0,0.636,0.364,0.4588,2021-09-25 10:11:15
Dream big dream Google #google #bugbounty #infosec #cybersecurity #thecybercouncil,18318,0.0,0.636,0.364,0.4588,2021-09-25 10:11:13
important part the Search Quality Raters Guidelines Learn more about and its importance SEO here via,180,0.0,0.765,0.235,0.5106,2021-09-25 10:10:40
Celebrating World Tourism Day and bright travel future via,763,0.0,0.515,0.485,0.765,2021-09-25 10:10:28
Reflection Sudoku Reflection Thermo Palindrome amp Kropki Sudoku Logic Wiz Weekend board has the newly created,41,0.0,0.882,0.118,0.25,2021-09-25 10:09:45
Reflection Sudoku Reflection Thermo Palindrome amp Kropki Sudoku Logic Wiz Weekend board has the newl,6,0.0,1.0,0.0,0.0,2021-09-25 10:09:29
The article has been updated God Let give million yen worth shares years ago What stocks you choos,1301,0.0,0.708,0.292,0.6369,2021-09-25 10:08:51
#Parami Bounty Quiz Who will NOT benefit from using Parami Protocol #Advertisers #Creators and #influencers,98,0.15,0.85,0.0,-0.357,2021-09-25 10:08:37
Buen Camino Your pilgrimage starts here via #digitalmarketing #Google #SEO,7632,0.0,1.0,0.0,0.0,2021-09-25 10:07:06
Build online store just three steps with Rent Duka Register Build Store live #Marketing #Business #Africa,4272,0.0,1.0,0.0,0.0,2021-09-25 10:04:31
Dear Trainers DogemonGo the only Free Crypto Game now available #Apple App amp #Google Play Store,8,0.0,0.61,0.39,0.8074,2021-09-25 10:04:10
Downtown Toronto Battery Boost amp Car Lockout Services #Google,42,0.0,0.748,0.252,0.4019,2021-09-25 10:04:00
Build online store just three steps with Rent Duka Register Build Store live #Marketing #Business,42,0.0,1.0,0.0,0.0,2021-09-25 10:03:56
#Google Sought Keep #Incognito Mode Issues out Spotlight,282,0.0,1.0,0.0,0.0,2021-09-25 10:02:44
Visit know more,3,0.0,1.0,0.0,0.0,2021-09-25 10:02:36
Celebrating World Tourism Day and bright travel future via,377,0.0,0.515,0.485,0.765,2021-09-25 10:01:28
Build online store just three steps with Rent Duka Register Build Store live #Marketing #Business,4272,0.0,1.0,0.0,0.0,2021-09-25 10:01:10
customers are certainly setting some different and more bespoke challenges the moment this time was,157,0.0,0.766,0.234,0.4549,2021-09-25 10:00:57
#GoogleAnalytics #RT Read get subj grasp site Need #traffic for page #Google,2891,0.0,1.0,0.0,0.0,2021-09-25 10:00:02
Remember #AirtelBlack will Look after about all Network Errors They Show Their Advertisements Saying This,6278,0.146,0.854,0.0,-0.34,2021-09-25 09:59:32
important part the Search Quality Raters Guidelines Learn more about and its importance SEO here via,44,0.0,0.765,0.235,0.5106,2021-09-25 09:59:30
#blockchain #cryptocurrencies #BSCGem #BullishAF #ElonMusk #Google,55,0.0,1.0,0.0,0.0,2021-09-25 09:59:26
#Parami Bounty Quiz Who will NOT benefit from using Parami Protocol #Advertisers #Creators and #influencers,157,0.15,0.85,0.0,-0.357,2021-09-25 09:59:08
Belgian Waffle Recipe How Make Waffles Ingredients Cups Flour Tablespoon Baking Powder Teaspoon,534,0.0,0.909,0.091,0.0516,2021-09-25 09:57:20
Which The Listed Factor Important For Local SEO Business #seo #digitalmarketing #marketing,909,0.0,0.859,0.141,0.2023,2021-09-25 09:56:26
Advanced Film Solutions #Google,4415,0.0,0.351,0.649,0.4019,2021-09-25 09:56:04
Unless SERP has LOT traffic the aim top Google being number for SERP means trickle,13917,0.0,0.807,0.193,0.2732,2021-09-25 09:56:02
#Google amp #Microsoft are creating monopoly #coding plain language Natural language coding means that people won,11856,0.0,0.607,0.393,0.8126,2021-09-25 09:55:08
#Parami Bounty Quiz Who will NOT benefit from using Parami Protocol #Advertisers #Creators and #influencers,1,0.15,0.85,0.0,-0.357,2021-09-25 09:55:06
Google Finishes Laying Giant Undersea Internet Cable Stretching Miles #Innovation #NewYork #UK #Spai,6486,0.0,1.0,0.0,0.0,2021-09-25 09:53:12
Dissect the trillion dollars industry #INTERNET using simple and secure #Google #Memoir and #Moz account Con,58,0.0,0.862,0.138,0.34,2021-09-25 09:51:55
important part the Search Quality Raters Guidelines Learn more about and its importance SEO here via,59,0.0,0.765,0.235,0.5106,2021-09-25 09:51:55
LadyR Wedding amp Chauffeur Hire Ltd #Google,394,0.0,1.0,0.0,0.0,2021-09-25 09:51:12
#Google amp #Microsoft are creating monopoly #coding plain language Natural language coding means that peopl,8927,0.0,0.734,0.266,0.5719,2021-09-25 09:51:00
#blockchain #cryptocurrencies #BSCGem #BullishAF #ElonMusk #Google,360,0.0,1.0,0.0,0.0,2021-09-25 09:49:32
#blockchain #cryptocurrencies #BSCGem #BullishAF #ElonMusk #Google,360,0.0,1.0,0.0,0.0,2021-09-25 09:49:02
Explore connections crime data using the POLE model Person Object Location and Event #AI #javascript #Dat,391,0.189,0.811,0.0,-0.5423,2021-09-25 09:48:55
Explore connections crime data using the POLE model Person Object Location and Event #AI #javascript #Dat,3255,0.189,0.811,0.0,-0.5423,2021-09-25 09:48:24
Explore connections crime data using the POLE model Person Object Location and Event #AI #javascript #Dat,3255,0.189,0.811,0.0,-0.5423,2021-09-25 09:48:24
Explore connections crime data using the POLE model Person Object Location and Event #AI #javascript #Dat,3255,0.189,0.811,0.0,-0.5423,2021-09-25 09:48:24
Explore connections crime data using the POLE model Person Object Location and Event #AI #javascript #Dat,92,0.189,0.811,0.0,-0.5423,2021-09-25 09:48:17
#blockchain #cryptocurrencies #BSCGem #BullishAF #ElonMusk #Google,360,0.0,1.0,0.0,0.0,2021-09-25 09:48:13
#Parami Bounty Quiz Who will NOT benefit from using Parami Protocol #Advertisers #Creators and #influencers,1,0.15,0.85,0.0,-0.357,2021-09-25 09:47:59
Explore connections crime data using the POLE model Person Object Location and Event #AI #javascript #Dat,784,0.189,0.811,0.0,-0.5423,2021-09-25 09:47:51
Explore connections crime data using the POLE model Person Object Location and Event #AI #javascript #Dat,477,0.189,0.811,0.0,-0.5423,2021-09-25 09:47:41
Explore connections crime data using the POLE model Person Object Location and Event #AI #javascript #Dat,1193,0.189,0.811,0.0,-0.5423,2021-09-25 09:47:40
Explore connections crime data using the POLE model Person Object Location and Event #AI #javascript #Dat,5145,0.189,0.811,0.0,-0.5423,2021-09-25 09:47:37
Explore connections crime data using the POLE model Person Object Location and Event #AI,8397,0.212,0.788,0.0,-0.5423,2021-09-25 09:47:36
#blockchain #cryptocurrencies #BSCGem #BullishAF #ElonMusk #Google,360,0.0,1.0,0.0,0.0,2021-09-25 09:46:30
When You End Kevin Samuels Live #OnGrits #Comedy #KevinSamuels via #LOL,13264,0.0,1.0,0.0,0.0,2021-09-25 09:46:28
#blockchain #cryptocurrencies #BSCGem #BullishAF #ElonMusk #Google,360,0.0,1.0,0.0,0.0,2021-09-25 09:46:10
#Google #PHOTOS know more about your shots than you can imagine and company should have this much #data Find,137,0.0,1.0,0.0,0.0,2021-09-25 09:46:00
#blockchain #cryptocurrencies #BSCGem #BullishAF #ElonMusk #Google,360,0.0,1.0,0.0,0.0,2021-09-25 09:45:44
#blockchain #cryptocurrencies #BSCGem #BullishAF #ElonMusk #Google,360,0.0,1.0,0.0,0.0,2021-09-25 09:45:06
Google said offer settlement for antitrust probe into digital advertising Read more,614,0.0,1.0,0.0,0.0,2021-09-25 09:42:34
#blockchain #cryptocurrencies #BSCGem #BullishAF #ElonMusk #Google,360,0.0,1.0,0.0,0.0,2021-09-25 09:41:04
customers are certainly setting some different and more bespoke challenges the moment this time was,872,0.0,0.766,0.234,0.4549,2021-09-25 09:40:56
#blockchain #cryptocurrencies #BSCGem #BullishAF #ElonMusk #Google,360,0.0,1.0,0.0,0.0,2021-09-25 09:40:32
#blockchain #cryptocurrencies #BSCGem #BullishAF #ElonMusk #Google,360,0.0,1.0,0.0,0.0,2021-09-25 09:40:08
Blossom Copiers Sales and Services #Google New Kyocera Offer Sale,91,0.0,1.0,0.0,0.0,2021-09-25 09:40:07
#blockchain #cryptocurrencies #BSCGem #BullishAF #ElonMusk #Google,360,0.0,1.0,0.0,0.0,2021-09-25 09:38:55
#blockchain #cryptocurrencies #BSCGem #BullishAF #ElonMusk #Google,360,0.0,1.0,0.0,0.0,2021-09-25 09:38:25
#Acquisition #Funding #Google #India #Twitter Google Abusing Market Position India Fivetran nets USD,1790,0.2,0.8,0.0,-0.4588,2021-09-25 09:37:33
Once you find what process causing the problem very easy googling amp YouTubing with the right keywords,5,0.129,0.718,0.153,0.1263,2021-09-25 09:37:26
#blockchain #cryptocurrencies #BSCGem #BullishAF #ElonMusk #Google,360,0.0,1.0,0.0,0.0,2021-09-25 09:37:23
#blockchain #cryptocurrencies #BSCGem #BullishAF #ElonMusk #Google,360,0.0,1.0,0.0,0.0,2021-09-25 09:36:51
#blockchain #cryptocurrencies #BSCGem #BullishAF #ElonMusk #Google,91,0.0,1.0,0.0,0.0,2021-09-25 09:36:34
could explain until blue the face that every one the articles the Content For Estate Agents library,332,0.0,1.0,0.0,0.0,2021-09-25 09:35:01
#China #leading indicator future success #twitter #google #facebook #bitcoin are fantastic examples gov,26,0.0,0.601,0.399,0.8074,2021-09-25 09:34:43
#blockchain #cryptocurrencies #BSCGem #BullishAF #ElonMusk #Google,360,0.0,1.0,0.0,0.0,2021-09-25 09:34:22
#blockchain #cryptocurrencies #BSCGem #BullishAF #ElonMusk #Google,360,0.0,1.0,0.0,0.0,2021-09-25 09:33:43
#blockchain #cryptocurrencies #BSCGem #BullishAF #ElonMusk #Google,360,0.0,1.0,0.0,0.0,2021-09-25 09:33:10
#blockchain #cryptocurrencies #BSCGem #BullishAF #ElonMusk #Google,360,0.0,1.0,0.0,0.0,2021-09-25 09:32:19
Recent changes #Google algorithm means that targeting only #keyword with relevant pages will longer,2738,0.0,1.0,0.0,0.0,2021-09-25 09:30:02
JOB ALERT are hiring Senior Software Developer Java Apply Now #compaira,29,0.0,0.773,0.227,0.4466,2021-09-25 09:30:00
Through the recently released features users can now operate their Android powered smartphones hands free #Google,0,0.0,0.82,0.18,0.5106,2021-09-25 09:28:50
important part the Search Quality Raters Guidelines Learn more about and its importance SEO here via,92,0.0,0.765,0.235,0.5106,2021-09-25 09:27:42
Through the recently released features users can now operate their Android powered smartphones hands free #Google,269,0.0,0.82,0.18,0.5106,2021-09-25 09:27:01
Check out this new digital art that uploaded #RedCarpet #Woman #Su,5079,0.0,1.0,0.0,0.0,2021-09-25 09:25:24
Your #Google Voice number will #accounts #call #googlevoice #googlevoices #message #phonenumber #reclaim #sms,10767,0.0,0.902,0.098,0.0772,2021-09-25 09:25:02
Google negotiating deals with Instagram and TikTok index their content search results according new report,167,0.0,1.0,0.0,0.0,2021-09-25 09:22:07
Learn about the query completion patent that helps Google predict the best autocomplete answers for user search query,1151,0.0,0.702,0.298,0.7783,2021-09-25 09:21:53
When tech giants the world had come peace with their employees working remotely #Google has announced plans,3,0.0,0.821,0.179,0.5423,2021-09-25 09:21:28
one has know baby girl #funnymemes #quotes #snapchat #dankmemes #ke #memesdaily #twitterposts #india,3,0.0,1.0,0.0,0.0,2021-09-25 09:21:20
Have you tried #google #DongsDirect #discount codes,961,0.0,1.0,0.0,0.0,2021-09-25 09:20:36
#Google #Memoir #Trends Tips and tricks for you convert your minutes millions today,58,0.111,0.889,0.0,-0.128,2021-09-25 09:19:35
YouTube Google search engine tarah use mat karo Yaar #Google #youtubeindia Ankiii,130,0.0,1.0,0.0,0.0,2021-09-25 09:19:04
YouTube Google search engine tarah use mat karo Yaar #Google #youtubeindia Ankiii,130,0.0,1.0,0.0,0.0,2021-09-25 09:18:59
Loon deployed its system balloons beam high speed Internet access with Telkom Kenya cover rural and suburb,1674,0.0,1.0,0.0,0.0,2021-09-25 09:18:16
Check out this new digital art that uploaded #RedCarpet #Woman #Su,395,0.0,1.0,0.0,0.0,2021-09-25 09:18:02
September buy #oneplus #device #smoothos #oneplus tpro #neversettle,121,0.0,1.0,0.0,0.0,2021-09-25 09:16:13
#Google #AIChips What makes them important #ArtificialIntelligence #DigitalMarketing #CyberSecu,478,0.0,0.816,0.184,0.2023,2021-09-25 09:15:09
important part the Search Quality Raters Guidelines Learn more about and its importance SEO,245533,0.0,0.736,0.264,0.5106,2021-09-25 09:15:01
Celebrating World Tourism Day and bright travel future via #digitalmarketing #Google #SEO,7632,0.0,0.602,0.398,0.765,2021-09-25 09:13:33
What businesses could learn from the world Entertainment Media amp Advertising #seo #google,204,0.0,0.811,0.189,0.4215,2021-09-25 09:13:21
Google CEO Sundar Pichai Sought Keep Incognito Mode Issues Out Spotlight Lawsuit Alleges #iht #trending,30,0.119,0.881,0.0,-0.2263,2021-09-25 09:12:53
Google Working Indexing Instagram amp TikTok Videos #Google #SocialMedia #Search via,797,0.0,1.0,0.0,0.0,2021-09-25 09:12:42
Other Android OEMs like Samsung can adapt the Android Material You Dynamic Theme #Android #SamsungGalaxy #Google,30,0.0,0.733,0.267,0.6249,2021-09-25 09:08:58
Messin with Resin #Google,357,0.0,1.0,0.0,0.0,2021-09-25 09:06:46
manage your Google Business Listing from only day Get more from local search results with Google,293,0.0,1.0,0.0,0.0,2021-09-25 09:06:13
Interesting observation the effect the #crypto ban China waning other words that old chestnut,371,0.197,0.656,0.148,-0.2263,2021-09-25 09:05:45
#Parami Bounty Quiz Who will NOT benefit from using Parami Protocol #Advertisers #Creators and #influencers,27,0.15,0.85,0.0,-0.357,2021-09-25 09:04:41
#Ranking #rankingrights Women bible site Keyword #Google search #page traffic,3615,0.0,1.0,0.0,0.0,2021-09-25 09:04:02
Executive Transfer for everyone based Sheffield call Prestige and profes,471,0.0,1.0,0.0,0.0,2021-09-25 09:03:56
Google Sought Keep Incognito Mode Issues out Spotlight #google #Spotlight #incognito #news Read the article,388,0.0,1.0,0.0,0.0,2021-09-25 09:02:16
You might wondering how you can maximise every penny for your #Google Ads But you really know what you are,567,0.0,1.0,0.0,0.0,2021-09-25 09:01:50
Virtual Hand Thanks Virtual Hand you can write watch movies browse the Internet your computer using,20,0.0,0.583,0.417,0.8519,2021-09-25 09:00:29
Internal Linking Issues Internal linking and hierarchy the site help #Google when comes crawling,3409,0.0,0.828,0.172,0.4019,2021-09-25 09:00:25
Here completed Google Dorking TryHackMe Google Dorking have just completed this room Check out,155,0.0,1.0,0.0,0.0,2021-09-25 09:00:20
Users last June alleged lawsuit that #Google unlawfully tracked their internet use when they were browsing Inc,78020,0.106,0.894,0.0,-0.2263,2021-09-25 09:00:06
Friend Funny Interview Fun With Friend How make double role will show you,11,0.0,0.417,0.583,0.9118,2021-09-25 08:59:46
wonder why they this Facebook Latest Gamble Smart Sunglasses Can they outdo #Google glasses Check out whet,51,0.0,0.856,0.144,0.4019,2021-09-25 08:53:40
Skyview Smart Solution provides Complete Website Package For business owners Startups from website Designing SEO,26,0.0,0.722,0.278,0.6124,2021-09-25 08:53:40
How Google Assistant Works Retweet share information #Google #googleassistant #webdevelopment #programmer #webdesig,607,0.0,0.833,0.167,0.296,2021-09-25 08:51:31
Loon deployed its system balloons beam high speed Internet access with Telkom Kenya cover rural,21,0.0,1.0,0.0,0.0,2021-09-25 08:51:12
SURVIVING #GOOGLE only been since December and have left one illegitimate President the worst,56,0.215,0.63,0.154,-0.2885,2021-09-25 08:49:07
How Google Assistant Works Retweet share information #Google #googleassistant #webdevelopment #programmer #webdesig,3255,0.0,0.833,0.167,0.296,2021-09-25 08:48:25
How Google Assistant Works Retweet share information #Google #googleassistant #webdevelopment #programmer #webdesig,192,0.0,0.833,0.167,0.296,2021-09-25 08:48:21
Learn about the query completion patent that helps Google predict the best autocomplete answers for user search query,534,0.0,0.702,0.298,0.7783,2021-09-25 08:48:15
Hadith the Day #Hadith #Goldenwords #updatesonislam #Tumblr #Linkedin #Googleplus #Facebook #Pinterest #Twitter,623,0.0,1.0,0.0,0.0,2021-09-25 08:48:13
Golden Words #Hadith #Goldenwords #updatesonislam #Tumblr #Linkedin #Googleplus #Facebook #Pinterest #Twitter #Instagra,623,0.0,1.0,0.0,0.0,2021-09-25 08:48:04
#apple #google #youtube blocked opposition sites their platforms #russia #election,3866,0.189,0.811,0.0,-0.2732,2021-09-25 08:47:24
apps Google Play Store found unsafe could even leak your personal data #cyberattacks #datatheft,9,0.143,0.714,0.143,0.0,2021-09-25 08:46:49
How Google Assistant Works Retweet share information #Google #googleassistant #webdevelopment #programmer #webdesig,5145,0.0,0.833,0.167,0.296,2021-09-25 08:45:14
How Google Assistant Works Retweet share information #Google #googleassistant #webdevelopment #programmer #webdesig,724,0.0,0.833,0.167,0.296,2021-09-25 08:45:12
Wtaf Google seriously using Christopher Reeves breathing apparatus the tail the Google this,209,0.124,0.876,0.0,-0.1779,2021-09-25 08:45:11
Learn about the query completion patent that helps Google predict the best autocomplete answers for user search,245533,0.0,0.688,0.312,0.7783,2021-09-25 08:45:01
How Google Assistant Works Retweet share information #Google #googleassistant #webdevelopment #programmer #webdesig,182,0.0,0.833,0.167,0.296,2021-09-25 08:44:48
Today let learn about Google controversial Title Tag Rewrite update amp how roll over this new obstacle htt,386,0.212,0.788,0.0,-0.5106,2021-09-25 08:44:48
off will your social media manager for platform Hire #Google #Ronaldo,145,0.0,1.0,0.0,0.0,2021-09-25 08:44:37
What your best sequel #FilmTwitter #Film #Films #movies #movie #sequel #UnequalSequel #filmtwt #podcast,198,0.0,0.741,0.259,0.6369,2021-09-25 08:44:33
How Google Assistant Works Retweet share information #Google #googleassistant #webdevelopment #programmer #webdesig,192,0.0,0.833,0.167,0.296,2021-09-25 08:43:28
How Google Assistant Works Retweet share information #Google #googleassistant #webdevelopment #programmer #webdesig,784,0.0,0.833,0.167,0.296,2021-09-25 08:43:16
How Google Assistant Works Retweet share information #Google #googleassistant #webdevelopment #programmer,3363,0.0,0.82,0.18,0.296,2021-09-25 08:43:05
#Parami Bounty Quiz Who will NOT benefit from using Parami Protocol #Advertisers #Creators and #influencers,2,0.15,0.85,0.0,-0.357,2021-09-25 08:42:14
Always #Google,0,0.0,1.0,0.0,0.0,2021-09-25 08:41:25
#Parami Bounty Quiz Who will NOT benefit from using Parami Protocol #Advertisers #Creators and #influencers,2,0.15,0.85,0.0,-0.357,2021-09-25 08:40:57
Golden Words #Hadith #Goldenwords #updatesonislam #Tumblr #Linkedin #Googleplus #Facebook #Pinterest #Twitter,92,0.0,1.0,0.0,0.0,2021-09-25 08:40:42
How Fix Google Business Quality Issues Welcome Day FREE Day Google Business Challenge,83,0.0,0.545,0.455,0.8091,2021-09-25 08:40:35
Hadith the Day #Hadith #Goldenwords #updatesonislam #Tumblr #Linkedin #Googleplus #Facebook #Pinterest,92,0.0,1.0,0.0,0.0,2021-09-25 08:40:10
#Parami Bounty Quiz Who will NOT benefit from using Parami Protocol #Advertisers #Creators and #influencers,11,0.15,0.85,0.0,-0.357,2021-09-25 08:38:23
Learn here step step return Google Chrome your default browser what you are looking for have the,6391,0.0,1.0,0.0,0.0,2021-09-25 08:36:36
#Parami Bounty Quiz Who will NOT benefit from using Parami Protocol #Advertisers #Creators and #influencers,7,0.15,0.85,0.0,-0.357,2021-09-25 08:36:35
Roaming not FREE DATA RATES APPLIED and reclaiming #Google docs time Dial,56,0.228,0.772,0.0,-0.5014,2021-09-25 08:36:32
Interesting observation the effect the #crypto ban China waning other words that old chestnut,195,0.197,0.656,0.148,-0.2263,2021-09-25 08:36:13
China you can ban #Facebook and make #WEIBO #Google and make #Baidu #YouTube and make #Youku #WhatsApp and make,3,0.167,0.833,0.0,-0.5574,2021-09-25 08:35:30
Google launches customized facial gesture feature for disabled people know what happening here,169,0.0,1.0,0.0,0.0,2021-09-25 08:35:02
Can anyone advise please signed course which have use #Google docs for can access the itinerary,2366,0.0,0.867,0.133,0.3182,2021-09-25 08:34:52
#Google its reply has said makes clear that Incognito only stops data from being saved user device and fig,4015595,0.07,0.696,0.235,0.5859,2021-09-25 08:34:18
SEE CHANGE Consulting #Google,114,0.0,1.0,0.0,0.0,2021-09-25 08:34:15
you lost beginning #bigtech #company that have revolutionized the world #Microsoft #Apple #Amazon,57,0.161,0.839,0.0,-0.3182,2021-09-25 08:33:41
didn migrate America amp before Austin assumed his horrible DOJ assignment under the Administ,56,0.212,0.788,0.0,-0.5423,2021-09-25 08:32:30
#Apple and #Google remove app #Putin critic after Kremlin pressure via,6007,0.323,0.677,0.0,-0.5106,2021-09-25 08:32:13
include quic clouds Global CDN with dynamic caching make your site fast wherever your users are Find,279,0.0,0.86,0.14,0.3818,2021-09-25 08:32:03
#Google its reply has said makes clear that Incognito only stops data from being saved user device,32368,0.076,0.667,0.257,0.5859,2021-09-25 08:30:38
#Google #Adwords Costing too much can help you get more bang for your buck,9331,0.0,0.828,0.172,0.4019,2021-09-25 08:30:23
Google CEO Sundar Pichai sought keep Incognito mode issues out spotlight lawsuit alleges #SundarPichai,615,0.128,0.872,0.0,-0.2263,2021-09-25 08:30:14
Eggs #HTML #games #play #onlinegames games juegos #gaming #indiegames #indie #indiegaming #gamedev #indiedev #Twi,5254,0.0,1.0,0.0,0.0,2021-09-25 08:30:08
Eggs #HTML #games #play #onlinegames games juegos #gaming #indiegames #indie #indiegaming #gamedev,97,0.0,1.0,0.0,0.0,2021-09-25 08:30:02
#leadresearch #contentcreator #socialbranding #socialgrowthmedia #Google #Ads #Search #GoogleA,1158,0.0,1.0,0.0,0.0,2021-09-25 08:29:14
Google Pixel and Pixel Pro may bring the most advanced camera pixel Report #GooglePixel #GooglePixel Pro,14943,0.0,0.867,0.133,0.3167,2021-09-25 08:29:08
Dynamic Colors Angular Material Hindi #ngMaterial Watch Full Watch More,91,0.0,0.776,0.224,0.3818,2021-09-25 08:28:39
Take look the top #serverless services #cloud from #AWS #Azure and #Google,2168,0.0,0.859,0.141,0.2023,2021-09-25 08:27:23
Take look the top #serverless services #cloud from #AWS #Azure and #Google,3739,0.0,0.859,0.141,0.2023,2021-09-25 08:26:31
Take look the top #serverless services #cloud from #AWS #Azure and #Google,9117,0.0,0.859,0.141,0.2023,2021-09-25 08:26:26
Other Android OEMs like Samsung can adapt the Android Material You Dynamic Theme #Android #SamsungGalaxy,259,0.0,0.718,0.282,0.6249,2021-09-25 08:26:03
#facebook #google #instagram banned china but they are still the worlds greatest How can BTC any different,11,0.088,0.658,0.254,0.7003,2021-09-25 08:26:02
SPACIOUS DESIGN Interior Designer amp Modular Kitchen Specialist #Google Please contact,1869,0.0,0.813,0.187,0.3182,2021-09-25 08:24:56
Google negotiating deals with Instagram and TikTok index their content search results according new report,110,0.0,1.0,0.0,0.0,2021-09-25 08:23:33
Interesting observation the effect the #crypto ban China waning other words that old chestnut,977,0.197,0.656,0.148,-0.2263,2021-09-25 08:22:35
Are you privacy conscious especially about your smartphone Here are the ways you can stop people from spying,137,0.115,0.885,0.0,-0.296,2021-09-25 08:22:00
Take look the top #serverless services #cloud from #AWS #Azure and #Google,13472,0.0,0.859,0.141,0.2023,2021-09-25 08:20:46
Awesome new cute #watchface #clockface with beautiful AOD mode for #fitbit #fitbitversa #fitbitsense #fitbitv,719,0.0,0.5,0.5,0.9001,2021-09-25 08:20:26
Interesting observation the effect the #crypto ban China waning other words that old che,2325,0.197,0.656,0.148,-0.2263,2021-09-25 08:20:04
#Memoir account plus #Google trend app and #Moz account then you ready and fully equipped hack the world,58,0.0,0.872,0.128,0.3612,2021-09-25 08:17:57
Check out this new digital art that uploaded #RedCarpet #Woman #Su,1256,0.0,1.0,0.0,0.0,2021-09-25 08:16:56
#Parami Bounty Quiz Who will NOT benefit from using Parami Protocol #Advertisers #Creators and #influencers,9,0.15,0.85,0.0,-0.357,2021-09-25 08:16:42
September buy #oneplus #device #smoothos #oneplus tpro #neversettle,121,0.0,1.0,0.0,0.0,2021-09-25 08:16:14
#Jamboard from great tool for creating interactive activities All activities created are saved,15,0.0,0.448,0.552,0.8779,2021-09-25 08:15:50
#SFAIKScreamingFrogAnalyzer Visualization Screaming Frog crawl data using #Google Data Studio,9493,0.224,0.776,0.0,-0.3818,2021-09-25 08:15:48
#leadresearch #contentcreator #socialbranding #socialgrowthmedia #Google #Ads #Search,434,0.0,1.0,0.0,0.0,2021-09-25 08:15:31
Stop using Google Chrome use Brave Browser Stop using Google use Duck Duck Stop surfing the web unprotected,0,0.357,0.51,0.133,-0.5719,2021-09-25 08:15:14
reclaiming ALL #GOOGLE DOCKET TIME #DontNeedtoGel Direct your personal feelings the nearest CPEP CRISIS,56,0.271,0.729,0.0,-0.7034,2021-09-25 08:15:02
The latest versions Chrome and Edge both fix critical memory UAF security vulnerabilities #News #Edge #Microsoft,703,0.202,0.674,0.124,-0.128,2021-09-25 08:14:31
#TangleBot Malware Reaches Deep into #Android Device Functions #Google #zeroday #ZeroTrust #infosec,18318,0.0,0.902,0.098,0.0516,2021-09-25 08:13:03
#Google #coding #javascript #DevOps #DataScience #Linux #MachineLearning #Analytics #bigdata #Microsoft #ArtificialInt,3573,0.0,1.0,0.0,0.0,2021-09-25 08:12:05
The role #SEO know that ranking high the SERPs will help retailers capitalize eCommerce holiday sales,9493,0.0,0.722,0.278,0.6597,2021-09-25 08:11:43
The role #SEO know that ranking high the SERPs will help retailers capitalize eCommerce holiday sales,3409,0.0,0.722,0.278,0.6597,2021-09-25 08:10:26
#Google Warns New Way #Hackers Can Make #Malware Undetectable Windows #CyberSecurity,2252,0.123,0.877,0.0,-0.1027,2021-09-25 08:09:34
#Google Warns New Way #Hackers Can Make #Malware Undetectable Windows #CyberSecurity,538,0.123,0.877,0.0,-0.1027,2021-09-25 08:09:32
AliAkbo #Google #coding #javascript #DevOps #DataScience #Linux #MachineLearning #Analytics #bigdata,1301,0.0,1.0,0.0,0.0,2021-09-25 08:08:49
CCTV Camera Consultant ATSS #Google,628,0.0,1.0,0.0,0.0,2021-09-25 08:08:31
Camera App code reveals many features the Pixel smartphone #News #Google #Pixel #Pixel Pro,703,0.0,1.0,0.0,0.0,2021-09-25 08:08:25
Biometric Fingerprint Time Attendance ESSL #Google,628,0.0,1.0,0.0,0.0,2021-09-25 08:08:04
#Google CEO sought keep #Incognito mode issues out spotlight lawsuit alleges #Privacy,166,0.147,0.853,0.0,-0.2263,2021-09-25 08:07:34
SPACIOUS DESIGN Interior Designer amp Modular Kitchen Specialist #Google Please contact,572,0.0,0.813,0.187,0.3182,2021-09-25 08:07:06
#Google #coding #javascript #DevOps #DataScience #Linux #MachineLearning #Analytics #bigdata #Microsoft #ArtificialInt,2252,0.0,1.0,0.0,0.0,2021-09-25 08:06:50
Google Finishes Laying Giant Undersea Internet Cable Stretching Miles #Innovation #NewYork #UK #Spai,1795,0.0,1.0,0.0,0.0,2021-09-25 08:06:44
ATSS Technology Solutions Provider #Google,628,0.0,0.702,0.298,0.1779,2021-09-25 08:06:41
SOIL INDIA #Google,606,0.0,1.0,0.0,0.0,2021-09-25 08:06:17
SOIL INDIA #Google,606,0.0,1.0,0.0,0.0,2021-09-25 08:06:04
SOIL INDIA #Google,606,0.0,1.0,0.0,0.0,2021-09-25 08:05:53
SOIL INDIA #Google,606,0.0,1.0,0.0,0.0,2021-09-25 08:05:40
SOIL INDIA #Google,606,0.0,1.0,0.0,0.0,2021-09-25 08:05:28
SOIL INDIA #Google,606,0.0,1.0,0.0,0.0,2021-09-25 08:05:18
SOIL INDIA #Google,606,0.0,1.0,0.0,0.0,2021-09-25 08:05:06
Best Selling Apple AirPods Pro Amazon Buy Now #electronics #sound #ear #amazon #apple #news #advertising,705,0.0,0.688,0.312,0.7096,2021-09-25 08:05:02
SOIL INDIA #Google,606,0.0,1.0,0.0,0.0,2021-09-25 08:04:51
#Google #coding #javascript #DevOps #DataScience #Linux #MachineLearning #Analytics #bigdata #Microsoft #ArtificialInt,765,0.0,1.0,0.0,0.0,2021-09-25 08:04:46
SOIL INDIA #Google,606,0.0,1.0,0.0,0.0,2021-09-25 08:04:38
#Google #coding #javascript #DevOps #DataScience #Linux #MachineLearning #Analytics #bigdata #Microsoft #ArtificialInt,92,0.0,1.0,0.0,0.0,2021-09-25 08:04:29
#Google #coding #javascript #DevOps #DataScience #Linux #MachineLearning #Analytic #programming #Flutter #Microsoft,92,0.0,1.0,0.0,0.0,2021-09-25 08:04:26
SOIL INDIA #Google,606,0.0,1.0,0.0,0.0,2021-09-25 08:04:22
Wonder any these hit piece passers would kind technical glitch mean assist Austin wit,56,0.0,0.793,0.207,0.5267,2021-09-25 08:04:21
Please read this and tell how many changes this blog #blogger #Blog,46,0.0,0.827,0.173,0.3182,2021-09-25 08:04:17
SOIL INDIA #Google,606,0.0,1.0,0.0,0.0,2021-09-25 08:04:10
#Formatting Service ebook Paperback will provide you with digital files for #Kindle #Apple #Nook #Kobo and,33371,0.0,1.0,0.0,0.0,2021-09-25 08:04:04
SOIL INDIA #Google,606,0.0,1.0,0.0,0.0,2021-09-25 08:03:58
SOIL INDIA #Google,606,0.0,1.0,0.0,0.0,2021-09-25 08:03:45
SOIL INDIA #Google,606,0.0,1.0,0.0,0.0,2021-09-25 08:03:34
#Google #coding #javascript #DevOps #DataScience #Linux #MachineLearning #Analytic #programming #Flutter #Microsoft,575,0.0,1.0,0.0,0.0,2021-09-25 08:03:24
#Google #coding #javascript #DevOps #DataScience #Linux #MachineLearning #Analytics #bigdata #Microsoft #ArtificialInt,575,0.0,1.0,0.0,0.0,2021-09-25 08:03:24
#Google #coding #javascript #DevOps #DataScience #Linux #MachineLearning #Analytic #programming #Flutter #Microsoft,784,0.0,1.0,0.0,0.0,2021-09-25 08:03:23
#Google #coding #javascript #DevOps #DataScience #Linux #MachineLearning #Analytics #bigdata #Microsoft,1221,0.0,1.0,0.0,0.0,2021-09-25 08:03:22
SOIL INDIA #Google,606,0.0,1.0,0.0,0.0,2021-09-25 08:03:22
Reasons Buy Pixel and Reasons NOT Buy Google Pixel Price via #Go,0,0.0,1.0,0.0,0.0,2021-09-25 08:03:22
#Google #coding #javascript #DevOps #DataScience #Linux #MachineLearning #Analytic #programming #Flutter #Microsoft,1355,0.0,1.0,0.0,0.0,2021-09-25 08:03:14
SOIL INDIA #Google,606,0.0,1.0,0.0,0.0,2021-09-25 08:03:11
#Google #coding #javascript #DevOps #DataScience #Linux #MachineLearning #Analytic #programming #Flutter #Microsoft,1837,0.0,1.0,0.0,0.0,2021-09-25 08:03:05
#Google #coding #javascript #DevOps #DataScience #Linux #MachineLearning #Analytic #programming #Flutter #Microsoft,1221,0.0,1.0,0.0,0.0,2021-09-25 08:02:59
SOIL INDIA #Google,606,0.0,1.0,0.0,0.0,2021-09-25 08:02:57
SOIL INDIA #Google,606,0.0,1.0,0.0,0.0,2021-09-25 08:02:45
SOIL INDIA #Google,606,0.0,1.0,0.0,0.0,2021-09-25 08:02:30
SOIL INDIA #Google,606,0.0,1.0,0.0,0.0,2021-09-25 08:02:19
SOIL INDIA #Google,606,0.0,1.0,0.0,0.0,2021-09-25 08:02:07
SOIL INDIA #Google,606,0.0,1.0,0.0,0.0,2021-09-25 08:01:55
SOIL INDIA #Google,606,0.0,1.0,0.0,0.0,2021-09-25 08:01:41
SOIL INDIA #Google,606,0.0,1.0,0.0,0.0,2021-09-25 08:01:28
#SEO Video Specifying image license using RDFa #google #seo #images #rdfa,355,0.0,1.0,0.0,0.0,2021-09-25 08:00:54
Stop using Google Chrome use Brave Browser Stop using Google use Duck Duck Stop surfing the web unprote,1,0.275,0.583,0.142,-0.296,2021-09-25 08:00:01
Google Career Certificates are helping American workers succeed the digital economy Job seekers can prepare for demand,977,0.072,0.67,0.258,0.5994,2021-09-25 07:59:55
#Parami Bounty Quiz Who will NOT benefit from using Parami Protocol #Advertisers #Creators and #influencers,15,0.15,0.85,0.0,-0.357,2021-09-25 07:59:04
Always deliver more than expected Larry Page #business #google,1122,0.0,1.0,0.0,0.0,2021-09-25 07:58:36
Always deliver more than expected Larry Page #business #google,213,0.0,1.0,0.0,0.0,2021-09-25 07:58:31
#Chromium compiled for hours before failing #google #chrome #bloat,7390,0.292,0.708,0.0,-0.5106,2021-09-25 07:57:08
Successful #SEO not about tricking #Google about PARTNERING with Google provide the best search results,22,0.051,0.569,0.38,0.8371,2021-09-25 07:54:19
Can anyone advise please signed course which have use #Google docs for can access the itiner,990,0.0,0.867,0.133,0.3182,2021-09-25 07:50:37
Dynamic Colors Angular Material Hindi #ngMaterial Watch Full Wat,87,0.0,0.755,0.245,0.3818,2021-09-25 07:50:19
Google releases new version Chrome browser for Windows Mac and Linux users that includes securi,25,0.0,1.0,0.0,0.0,2021-09-25 07:49:09
Cybersecurity experts Google have discovered new technique that hackers are using trick Windows systems into,25,0.079,0.921,0.0,-0.0516,2021-09-25 07:48:55
Check out Gig #Fiverr #google #scraping for #search results #business #profiles,161,0.0,1.0,0.0,0.0,2021-09-25 07:47:59
Want quick status update #Google plans eliminate #kernel fragmentation #Android with its Generic Kernel Imag,555,0.0,0.915,0.085,0.0772,2021-09-25 07:47:47
Through the recently released features users can now operate their Android powered smartphones hands free #Google,1038349,0.0,0.82,0.18,0.5106,2021-09-25 07:46:55
Through the recently released features users can now operate their Android powered smartphones hands free,3127,0.0,0.809,0.191,0.5106,2021-09-25 07:46:48
Google releases new version Chrome browser for Windows Mac and Linux users that includes,1,0.0,1.0,0.0,0.0,2021-09-25 07:46:44
#Parami Bounty Quiz Who will NOT benefit from using Parami Protocol #Advertisers #Creators and #influencers,5,0.15,0.85,0.0,-0.357,2021-09-25 07:46:35
Google negotiating deals with Instagram and TikTok index their content search results according new report,4315,0.0,1.0,0.0,0.0,2021-09-25 07:46:21
#Google #AIChips What makes them important #ArtificialIntelligence #DigitalMarketing #CyberSecu,2168,0.0,0.816,0.184,0.2023,2021-09-25 07:46:18
Cybersecurity experts Google have discovered new technique that hackers are using trick Windows systems into,0,0.079,0.921,0.0,-0.0516,2021-09-25 07:46:12
Take look the top #serverless services #cloud from #AWS #Azure and #Google,217,0.0,0.859,0.141,0.2023,2021-09-25 07:45:40
Cybersecurity experts Google have discovered new technique that hackers are using trick Windows systems into,209,0.079,0.921,0.0,-0.0516,2021-09-25 07:45:10
have released the Mobile #Data Marketplace for Android Now have the most competitive worldwide #eSIM data offerin,3255,0.0,0.889,0.111,0.2484,2021-09-25 07:45:06
#Parami Bounty Quiz Who will NOT benefit from using Parami Protocol #Advertisers #Creators and #influencers,79,0.15,0.85,0.0,-0.357,2021-09-25 07:44:38
#Google Warns New Way Hackers Can Make Malware Undetectable #Microsoft #Windows #cybersecurity,36382,0.113,0.887,0.0,-0.1027,2021-09-25 07:44:22
#Parami Bounty Quiz Who will NOT benefit from using Parami Protocol #Advertisers #Creators and #influencers,1,0.15,0.85,0.0,-0.357,2021-09-25 07:44:03
Only People who wish without fail every year #SBI #KKB #Gpay #Google Thank you much,480,0.0,0.599,0.401,0.7935,2021-09-25 07:43:46
#Google #AIChips What makes them important #ArtificialIntelligence #DigitalMarketing #CyberSecu,784,0.0,0.816,0.184,0.2023,2021-09-25 07:41:58
#Parami Bounty Quiz Who will NOT benefit from using Parami Protocol #Advertisers #Creators and #influencers,4,0.15,0.85,0.0,-0.357,2021-09-25 07:41:55
#Tech crazy few days for #French Tech #Sorare #Gorillas and #Flink raising mega rounds #Google seeks,6007,0.138,0.862,0.0,-0.34,2021-09-25 07:41:49
Cybersecurity experts Google have discovered new technique that hackers are using trick Windows systems into,36740,0.079,0.921,0.0,-0.0516,2021-09-25 07:41:41
Cybersecurity experts Google have discovered new technique that hackers are using trick Windows systems into,2252,0.079,0.921,0.0,-0.0516,2021-09-25 07:41:38
Cybersecurity experts Google have discovered new technique that hackers are using trick Windows systems into,19673,0.079,0.921,0.0,-0.0516,2021-09-25 07:41:35
Cybersecurity experts Google have discovered new technique that hackers are using trick Windows systems int,1,0.079,0.921,0.0,-0.0516,2021-09-25 07:41:34
Awesome new cute #watchface #clockface with beautiful AOD mode for #fitbit #fitbitversa,259,0.0,0.45,0.55,0.9001,2021-09-25 07:41:26
#Google #AIChips What makes them important #ArtificialIntelligence #DigitalMarketing #CyberSecu,575,0.0,0.816,0.184,0.2023,2021-09-25 07:41:23
#Google #AIChips What makes them important #ArtificialIntelligence #DigitalMarketing #CyberSecu,5145,0.0,0.816,0.184,0.2023,2021-09-25 07:40:51
#Google #AIChips What makes them important #ArtificialIntelligence #DigitalMarketing #CyberSecu,92,0.0,0.816,0.184,0.2023,2021-09-25 07:40:49
Google celebrates Superman star Christopher Reeve posthumous birthday #Entertainment #ChristopherReeve,1724,0.0,0.709,0.291,0.5719,2021-09-25 07:40:43
Wealth fair distribution about start Future now #QuantumComputing #google,3,0.0,0.56,0.44,0.6705,2021-09-25 07:40:03
Things that China has banned #Google #YouTube #Facebook #Bitcoin,88,0.273,0.727,0.0,-0.4588,2021-09-25 07:39:25
#Google would choose rank reseller over the manufacturer When the user intent buy clear and the reseller,88,0.0,0.86,0.14,0.3818,2021-09-25 07:38:40
Check out Gig #Fiverr #google #scraping for #search results #business,193,0.0,1.0,0.0,0.0,2021-09-25 07:38:40
Things that China has banned till now #Google #YouTube #Facebook #Bitcoin,88,0.231,0.769,0.0,-0.4588,2021-09-25 07:38:38
Take look the top #serverless services #cloud from #AWS #Azure and #Google,575,0.0,0.859,0.141,0.2023,2021-09-25 07:38:23
Take look the top #serverless services #cloud from #AWS #Azure and #Google,3739,0.0,0.859,0.141,0.2023,2021-09-25 07:38:05
Take look the top #serverless services #cloud from #AWS #Azure and #Google,11339,0.0,0.859,0.141,0.2023,2021-09-25 07:38:00
#Google #AIChips What makes them important #ArtificialIntelligence #DigitalMarketing #CyberSecu,2066,0.0,0.816,0.184,0.2023,2021-09-25 07:37:44
#Google #AIChips What makes them important #ArtificialIntelligence #DigitalMarketing #CyberSecu,340,0.0,0.816,0.184,0.2023,2021-09-25 07:37:39
#Parami Bounty Quiz Who will NOT benefit from using Parami Protocol #Advertisers #Creators and #influencers,5,0.15,0.85,0.0,-0.357,2021-09-25 07:37:06
Want quick status update #Google plans eliminate #kernel fragmentation #Android with its Generic Kernel Imag,13433,0.0,0.915,0.085,0.0772,2021-09-25 07:37:05
Google Career Certificates help job seekers get jobs high growth fields within months help Georgia job seekers #Goo,36,0.0,0.652,0.348,0.7906,2021-09-25 07:36:46
Some big #daily #facts about the big #world #Internet #websites #Population #users,9904,0.0,1.0,0.0,0.0,2021-09-25 07:36:20
Some light weekend reading for you how get more from Google Calendar and Tasks,190,0.0,1.0,0.0,0.0,2021-09-25 07:35:01
#google Google Photos feature that keeps private photos hidden getting wider rollout,134,0.0,1.0,0.0,0.0,2021-09-25 07:34:45
keep Leading keep Learning You can seize only what you can see #hindisabha #exams #spokenhindi,78,0.0,1.0,0.0,0.0,2021-09-25 07:34:35
#Google would choose rank reseller over the manufacturer When the user intent buy clear and the resell,178,0.0,0.86,0.14,0.3818,2021-09-25 07:34:05
Horizontal multiple choice option google form #google apps script #google docs #google apps #google forms,714,0.0,1.0,0.0,0.0,2021-09-25 07:34:04
Google Pixel Pro camera specs leaked #Google #googlepixel #pixel pro Via,9,0.187,0.813,0.0,-0.3182,2021-09-25 07:33:06
have released the Mobile #Data Marketplace for Android Now have the most competitive worldwide #eSIM data offerin,66,0.0,0.889,0.111,0.2484,2021-09-25 07:32:19
Google takes CCI Court over Investigation Report Leak #Law #Latest #LatestLaws #LegalNews #India #IndianNews,13379,0.156,0.844,0.0,-0.34,2021-09-25 07:32:05
#google Chrome could making some big changes your favorite extensions,134,0.0,0.75,0.25,0.4588,2021-09-25 07:31:24
ATTRACT THE RIGHT CUSTOMERS THE RIGHT TIME GROW THE AWARENESS YOUR BRAND amp INCREASE YOUR REVENUE WITH,1771,0.0,0.705,0.295,0.7404,2021-09-25 07:30:10
Some big #daily #facts about the big #world #Internet #websites #Population #users,8,0.0,1.0,0.0,0.0,2021-09-25 07:29:23
been minute since posted episode #podcasts #spotify #newepisode #podcasting #graceandspacepodcast #Goog,132,0.0,1.0,0.0,0.0,2021-09-25 07:28:49
Are you looking for person who can Google Sequence work Then you are right place Your work will done,1158,0.0,1.0,0.0,0.0,2021-09-25 07:28:04
you lost beginning #bigtech #company that have revolutionized the world #Microsoft #Apple #Amazon,31,0.161,0.839,0.0,-0.3182,2021-09-25 07:27:20
Successful SEO not about tricking Google about PARTNERING with Google provide the best search results,8,0.051,0.569,0.38,0.8371,2021-09-25 07:27:12
Did you know that even China the most powerful companies like are banned,9,0.159,0.53,0.311,0.4323,2021-09-25 07:27:12
Cybersecurity experts #Google have discovered new technique that hackers are using trick Windows systems into,214,0.079,0.921,0.0,-0.0516,2021-09-25 07:25:43
Tell him about #APPLE #TESLA #FACEBOOK #GOOGLE etc and tell him get APY,383,0.0,1.0,0.0,0.0,2021-09-25 07:24:46
#Parami Bounty Quiz Who will NOT benefit from using Parami Protocol #Advertisers #Creators and #influencers,0,0.15,0.85,0.0,-0.357,2021-09-25 07:24:17
happiness plays big role shaping our lives poverty destroys our lives #buygoogle starreviews,452,0.321,0.419,0.26,-0.3182,2021-09-25 07:24:15
Love today front page #Google search marking the birthday #ChristopherReeve September,5483,0.0,0.704,0.296,0.6369,2021-09-25 07:24:05
Google negotiating deals with Instagram and TikTok index their content search results according new,896,0.0,1.0,0.0,0.0,2021-09-25 07:22:56
Learn about the query completion patent that helps Google predict the best autocomplete answers for user search,896,0.0,0.688,0.312,0.7783,2021-09-25 07:22:55
Google advises that not always necessary add extra content product category pages the product names,896,0.0,1.0,0.0,0.0,2021-09-25 07:22:55
Google John Mueller offered encouraging feedback ranking eCommerce sites that use manufacturer product descrip,896,0.0,0.793,0.207,0.5267,2021-09-25 07:22:54
Google Ads increasing transparency providing users more background verified advertisers Here what you,896,0.0,1.0,0.0,0.0,2021-09-25 07:22:53
important part the Search Quality Raters Guidelines Learn more about and its importance SEO,896,0.0,0.736,0.264,0.5106,2021-09-25 07:22:52
Learn about the query completion patent that helps Google predict the best autocomplete answers for user search,896,0.0,0.688,0.312,0.7783,2021-09-25 07:22:51
Google Ads has announced updates the way that queries are matched keywords Here what advertisers need,896,0.0,1.0,0.0,0.0,2021-09-25 07:22:47
When Google evaluates how much weight assign backlinks doesn consider factors such referral traffic,896,0.0,1.0,0.0,0.0,2021-09-25 07:22:46
Looking for more privacy free search experience this post introduce alternative search engin,896,0.0,0.77,0.23,0.5542,2021-09-25 07:22:44
Anton Brand Illustration Ltd #Google,600,0.0,1.0,0.0,0.0,2021-09-25 07:22:11
Google Spots New Technique Sneak Malware Past Detection Tools #Google #malware #cybercrime,398,0.0,1.0,0.0,0.0,2021-09-25 07:22:08
#blogger #seo advice search high rankings and more traffic ignore our mental health sometimes Mental,2,0.166,0.834,0.0,-0.4173,2021-09-25 07:21:49
been minute since posted episode #podcasts #spotify #newepisode #podcasting #graceandspacepodcast,158,0.0,1.0,0.0,0.0,2021-09-25 07:20:13
#blogger #seo advice search high rankings and more traffic ignore our mental health sometimes Mental,1,0.166,0.834,0.0,-0.4173,2021-09-25 07:19:45
#blogger #seo advice search high rankings and more traffic ignore our mental health sometimes Mental,9,0.166,0.834,0.0,-0.4173,2021-09-25 07:19:10
Really #ReutersWorld you don even have updated photo Prime Minister Justin Trudeau run wit,2580,0.0,1.0,0.0,0.0,2021-09-25 07:18:17
you lost beginning #bigtech #company that have revolutionized the world #Microsoft #Apple #Amazon,1163,0.161,0.839,0.0,-0.3182,2021-09-25 07:17:26
#blogger #seo advice search high rankings and more traffic ignore our mental health sometimes Mental,3094,0.166,0.834,0.0,-0.4173,2021-09-25 07:17:24
Bar Nine #Google,832,0.0,1.0,0.0,0.0,2021-09-25 07:16:56
#blogger #seo advice search high rankings and more traffic ignore our mental health sometimes,38,0.176,0.824,0.0,-0.4173,2021-09-25 07:16:21
Are you looking for person who can Google Sequence work Then you are right place Your work will don,13,0.0,1.0,0.0,0.0,2021-09-25 07:15:53
September buy #oneplus #device #smoothos #oneplus tpro #neversettle,121,0.0,1.0,0.0,0.0,2021-09-25 07:15:13
However now with #Google Update #BERT and #MUM all these might become obsolete because are changing the,2727,0.121,0.879,0.0,-0.296,2021-09-25 07:14:55
